=== build cf8_reference 2026-05-25 20:37:25 ===
[20:37:25] SKIP 2_5_1 (déjà généré)
[20:37:25] DONE 2_5_1 -> NO_OUTPUT
[20:37:25] SKIP 2_5_2 (déjà généré)
[20:37:25] DONE 2_5_2 -> NO_OUTPUT
[20:37:25] SKIP 3_1-3_3-1 (déjà généré)
[20:37:25] DONE 3_1-3_3-1 -> TIMEOUT_MAX score=13395.0 nsol=69
[20:37:25] SKIP 3_1-4_1-1 (déjà généré)
[20:37:25] DONE 3_1-4_1-1 -> NO_OUTPUT
[20:37:25] SKIP 3_1-4_2-1 (déjà généré)
[20:37:25] DONE 3_1-4_2-1 -> NO_OUTPUT
[20:37:25] SKIP 3_1-4_2-2 (déjà généré)
[20:37:25] DONE 3_1-4_2-2 -> NO_OUTPUT
[20:37:25] SKIP 3_1-4_3-1 (déjà généré)
[20:37:25] DONE 3_1-4_3-1 -> NO_OUTPUT
[20:37:25] SKIP 3_1-4_3-2 (déjà généré)
[20:37:25] DONE 3_1-4_3-2 -> NO_OUTPUT
[20:37:25] SKIP 3_1-5_1-1 (déjà généré)
[20:37:25] DONE 3_1-5_1-1 -> NO_OUTPUT
[20:37:25] SKIP 3_1-5_2-1 (déjà généré)
[20:37:25] DONE 3_1-5_2-1 -> NO_OUTPUT
[20:37:25] SKIP 3_1-5_2-2 (déjà généré)
[20:37:25] DONE 3_1-5_2-2 -> NO_OUTPUT
[20:37:25] SKIP 3_1-5_3-1 (déjà généré)
[20:37:25] DONE 3_1-5_3-1 -> NO_OUTPUT
[20:37:25] SKIP 3_1-5_3-2 (déjà généré)
[20:37:25] DONE 3_1-5_3-2 -> NO_OUTPUT
[20:37:25] SKIP 2_1_1 (déjà généré)
[20:37:25] DONE 2_1_1 -> EXHAUSTIVE score=696.0 nsol=16
[20:37:25] SKIP 2_1_2 (déjà généré)
[20:37:25] DONE 2_1_2 -> EXHAUSTIVE score=656.0 nsol=8
[20:37:25] SKIP 2_1_3 (déjà généré)
[20:37:25] DONE 2_1_3 -> EXHAUSTIVE score=656.0 nsol=15
[20:37:25] SKIP 2_2_1 (déjà généré)
[20:37:25] DONE 2_2_1 -> EXHAUSTIVE score=776.0 nsol=47
[20:37:25] SKIP 2_2_2 (déjà généré)
[20:37:25] DONE 2_2_2 -> EXHAUSTIVE score=776.0 nsol=64
[20:37:25] SKIP 2_2_3 (déjà généré)
[20:37:26] DONE 2_2_3 -> EXHAUSTIVE score=776.0 nsol=40
[20:37:26] SKIP 2_3_1 (déjà généré)
[20:37:26] DONE 2_3_1 -> TIMEOUT_MAX score=4323.0 nsol=90
[20:37:26] SKIP 2_3_2 (déjà généré)
[20:37:26] DONE 2_3_2 -> TIMEOUT_MAX score=3515.0 nsol=86
[20:37:26] SKIP 2_3_3 (déjà généré)
[20:37:26] DONE 2_3_3 -> TIMEOUT_MAX score=1925.0 nsol=112
[20:37:26] SKIP 2_4_1 (déjà généré)
[20:37:26] DONE 2_4_1 -> TIMEOUT_MAX score=1759.0 nsol=7
[20:37:26] SKIP 2_4_2 (déjà généré)
[20:37:26] DONE 2_4_2 -> EXHAUSTIVE score=1109.0 nsol=12
[20:37:26] SKIP 2_4_3 (déjà généré)
[20:37:26] DONE 2_4_3 -> EXHAUSTIVE score=1109.0 nsol=11
[20:37:26] SKIP 2_5_3 (déjà généré)
[20:37:26] DONE 2_5_3 -> TIMEOUT_MAX score=6843.0 nsol=73
[20:37:26] RUN  nv=2 esp='5' vt='4' (5th)
1
Cantus firmus -> gamme détectée : Majeur (tonique = C) -> gamme spécifiée : Majeur

=== Génération : cf8 (Do Reference Grave) | 2voices_1_5_vtype_4 | preset=bryce | obj=pond | timeout=180000ms | stagn=0ms ===
  [Sol 1 | t=12ms | Score pondéré=33933.0]
    -> Itération 1 | t=12ms | meilleur=1000000000000000000.0
  [Sol 2 | t=14ms | Score pondéré=33801.0]
  [Sol 3 | t=18ms | Score pondéré=29607.0]
  [Sol 4 | t=18ms | Score pondéré=25389.0]
  [Sol 5 | t=20ms | Score pondéré=25257.0]
    -> Itération 5 | t=20ms | meilleur=25389.0
  [Sol 6 | t=32ms | Score pondéré=24887.0]
  [Sol 7 | t=32ms | Score pondéré=24794.0]
  [Sol 8 | t=32ms | Score pondéré=24716.0]
  [Sol 9 | t=54ms | Score pondéré=24638.0]
  [Sol 10 | t=175ms | Score pondéré=24608.0]
    -> Itération 10 | t=175ms | meilleur=24638.0
  [Sol 11 | t=195ms | Score pondéré=24530.0]
  [Sol 12 | t=308ms | Score pondéré=24428.0]
  [Sol 13 | t=328ms | Score pondéré=24350.0]
  [Sol 14 | t=593ms | Score pondéré=24278.0]
  [Sol 15 | t=762ms | Score pondéré=24218.0]
  [Sol 16 | t=7244ms | Score pondéré=24194.0]
  [Sol 17 | t=7261ms | Score pondéré=24116.0]
  [Sol 18 | t=7474ms | Score pondéré=24056.0]
  [Sol 19 | t=9563ms | Score pondéré=23890.0]
  [Sol 20 | t=9563ms | Score pondéré=23812.0]
    -> Itération 20 | t=9563ms | meilleur=23890.0
  [Sol 21 | t=9733ms | Score pondéré=23569.0]
  [Sol 22 | t=9737ms | Score pondéré=23515.0]
  [Sol 23 | t=10014ms | Score pondéré=23449.0]
  [Sol 24 | t=10035ms | Score pondéré=23437.0]
  [Sol 25 | t=10036ms | Score pondéré=23359.0]
  [Sol 26 | t=10208ms | Score pondéré=23028.0]
  [Sol 27 | t=10210ms | Score pondéré=22896.0]
  [Sol 28 | t=10212ms | Score pondéré=22872.0]
  [Sol 29 | t=12094ms | Score pondéré=19995.0]
  [Sol 30 | t=12094ms | Score pondéré=19863.0]
    -> Itération 30 | t=12094ms | meilleur=19995.0
  [Sol 31 | t=12095ms | Score pondéré=19785.0]
  [Sol 32 | t=12105ms | Score pondéré=19166.0]
  [Sol 33 | t=12132ms | Score pondéré=19088.0]
  [Sol 34 | t=13446ms | Score pondéré=18679.0]
  [Sol 35 | t=13450ms | Score pondéré=18625.0]
  [Sol 36 | t=13774ms | Score pondéré=18547.0]
  [Sol 37 | t=13775ms | Score pondéré=18469.0]
  [Sol 38 | t=14061ms | Score pondéré=18451.0]
  [Sol 39 | t=14242ms | Score pondéré=18319.0]
  [Sol 40 | t=14387ms | Score pondéré=18259.0]
    -> Itération 40 | t=14387ms | meilleur=18319.0
  [Sol 41 | t=27678ms | Score pondéré=18121.0]
  [Sol 42 | t=45057ms | Score pondéré=17952.0]
  [Sol 43 | t=45058ms | Score pondéré=17898.0]
  [Sol 44 | t=45058ms | Score pondéré=17820.0]
  [Sol 45 | t=45107ms | Score pondéré=17724.0]
  [Sol 46 | t=45108ms | Score pondéré=17646.0]
  [Sol 47 | t=45202ms | Score pondéré=17568.0]
  [Sol 48 | t=46258ms | Score pondéré=17556.0]
  [Sol 49 | t=46261ms | Score pondéré=17532.0]
  [Sol 50 | t=54361ms | Score pondéré=16485.0]
    -> Itération 50 | t=54361ms | meilleur=17532.0
  [Sol 51 | t=54362ms | Score pondéré=16407.0]
  [Sol 52 | t=54394ms | Score pondéré=15788.0]
  [Sol 53 | t=54414ms | Score pondéré=15710.0]
  [Sol 54 | t=56138ms | Score pondéré=15499.0]
  [Sol 55 | t=56139ms | Score pondéré=15421.0]
  [Sol 56 | t=56145ms | Score pondéré=15301.0]
  [Sol 57 | t=56145ms | Score pondéré=15223.0]
  [Sol 58 | t=57112ms | Score pondéré=15217.0]
  [Sol 59 | t=57113ms | Score pondéré=15139.0]
  [Sol 60 | t=57453ms | Score pondéré=15061.0]
  [Sol 61 | t=60434ms | Score pondéré=14978.0]
  [Sol 62 | t=60436ms | Score pondéré=14900.0]
  [Sol 63 | t=60698ms | Score pondéré=14852.0]
  [Sol 64 | t=60908ms | Score pondéré=14780.0]
  [Sol 65 | t=61118ms | Score pondéré=14720.0]
  [Sol 66 | t=61426ms | Score pondéré=14666.0]
  [Sol 67 | t=61457ms | Score pondéré=14588.0]
  [Sol 68 | t=62254ms | Score pondéré=14570.0]
  [Sol 69 | t=62464ms | Score pondéré=14510.0]
  [Sol 70 | t=63700ms | Score pondéré=14480.0]
  [Sol 71 | t=63921ms | Score pondéré=14404.0]
  [Sol 72 | t=63924ms | Score pondéré=14179.0]
  [Sol 73 | t=63924ms | Score pondéré=14101.0]
  [Sol 74 | t=63926ms | Score pondéré=13969.0]
  [Sol 75 | t=63926ms | Score pondéré=13891.0]
  [Sol 76 | t=64078ms | Score pondéré=13692.0]
  [Sol 77 | t=64080ms | Score pondéré=13653.0]
  [Sol 78 | t=64081ms | Score pondéré=13428.0]
  [Sol 79 | t=64081ms | Score pondéré=13350.0]
  [Sol 80 | t=79621ms | Score pondéré=13326.0]
  [Sol 81 | t=79653ms | Score pondéré=13233.0]
  [Sol 82 | t=79653ms | Score pondéré=13047.0]
  [Sol 83 | t=79677ms | Score pondéré=13023.0]
  [Sol 84 | t=97816ms | Score pondéré=12999.0]
  [Sol 85 | t=104240ms | Score pondéré=12978.0]
  [Sol 86 | t=104301ms | Score pondéré=12966.0]
  [Sol 87 | t=104330ms | Score pondéré=12936.0]
  [Sol 88 | t=120244ms | Score pondéré=12933.0]
  [Sol 89 | t=120247ms | Score pondéré=12909.0]
  [Sol 90 | t=120247ms | Score pondéré=12855.0]
  [Sol 91 | t=120340ms | Score pondéré=12825.0]
  [Sol 92 | t=121824ms | Score pondéré=12795.0]
  [Sol 93 | t=121844ms | Score pondéré=12771.0]
  [Sol 94 | t=133979ms | Score pondéré=12741.0]
  [Sol 95 | t=159080ms | Score pondéré=12717.0]
  [Sol 96 | t=159085ms | Score pondéré=12693.0]
  -> Solutions=96 Améliorations=96 Score pondéré=12693.0 Temps=180000ms (TIMEOUT_MAX)
  -> Best = 72 , 65 , 67 , 77 , 67 , 69 , 65 , 64 , 65 , 67 , 62 , 67 , 62 , 65 , 64 , 76 , 64 , 69 , 72 , 76 , 74 , 77 , 79 , 81 , 79 , 76 , 77 , 79 , 77 , 71 , 72 , 74 , 72
[20:40:26] DONE 2_5_4 -> TIMEOUT_MAX score=12693.0 nsol=96
[20:40:26] RUN  nv=3 esp='1 1' vt='1,1' (1st)
2
Cantus firmus -> gamme détectée : Majeur (tonique = C) -> gamme spécifiée : Majeur

=== Génération : cf8 (Do Reference Grave) | 3voices_1_1_1_vtype_1_1 | preset=bryce | obj=pond | timeout=180000ms | stagn=0ms ===
  [Sol 1 | t=10ms | Score pondéré=8193.0]
    -> Itération 1 | t=10ms | meilleur=1000000000000000000.0
  [Sol 2 | t=11ms | Score pondéré=6564.0]
  [Sol 3 | t=11ms | Score pondéré=6552.0]
  [Sol 4 | t=13ms | Score pondéré=6483.0]
  [Sol 5 | t=14ms | Score pondéré=4668.0]
    -> Itération 5 | t=14ms | meilleur=6483.0
  [Sol 6 | t=14ms | Score pondéré=4533.0]
  [Sol 7 | t=18ms | Score pondéré=4434.0]
  [Sol 8 | t=19ms | Score pondéré=4413.0]
  [Sol 9 | t=26ms | Score pondéré=4347.0]
  [Sol 10 | t=53ms | Score pondéré=4320.0]
    -> Itération 10 | t=53ms | meilleur=4347.0
  [Sol 11 | t=117ms | Score pondéré=4230.0]
  [Sol 12 | t=117ms | Score pondéré=4128.0]
  [Sol 13 | t=145ms | Score pondéré=3999.0]
  [Sol 14 | t=146ms | Score pondéré=3978.0]
  [Sol 15 | t=157ms | Score pondéré=3912.0]
  [Sol 16 | t=215ms | Score pondéré=3837.0]
  [Sol 17 | t=216ms | Score pondéré=3624.0]
  [Sol 18 | t=217ms | Score pondéré=3612.0]
  [Sol 19 | t=491ms | Score pondéré=3546.0]
  [Sol 20 | t=492ms | Score pondéré=3525.0]
    -> Itération 20 | t=492ms | meilleur=3546.0
  [Sol 21 | t=523ms | Score pondéré=3444.0]
  [Sol 22 | t=524ms | Score pondéré=3432.0]
  [Sol 23 | t=796ms | Score pondéré=3429.0]
  [Sol 24 | t=796ms | Score pondéré=3327.0]
  [Sol 25 | t=797ms | Score pondéré=3252.0]
  [Sol 26 | t=797ms | Score pondéré=3231.0]
  [Sol 27 | t=2940ms | Score pondéré=3159.0]
  [Sol 28 | t=2942ms | Score pondéré=3057.0]
  [Sol 29 | t=3092ms | Score pondéré=2952.0]
  [Sol 30 | t=3092ms | Score pondéré=2850.0]
    -> Itération 30 | t=3092ms | meilleur=2952.0
  [Sol 31 | t=9616ms | Score pondéré=2778.0]
  [Sol 32 | t=46468ms | Score pondéré=2745.0]
  [Sol 33 | t=53532ms | Score pondéré=2742.0]
  [Sol 34 | t=53532ms | Score pondéré=2709.0]
  [Sol 35 | t=53540ms | Score pondéré=2667.0]
  [Sol 36 | t=53541ms | Score pondéré=2634.0]
  [Sol 37 | t=53614ms | Score pondéré=2631.0]
  [Sol 38 | t=53769ms | Score pondéré=2598.0]
  [Sol 39 | t=76436ms | Score pondéré=2559.0]
  [Sol 40 | t=77023ms | Score pondéré=2550.0]
    -> Itération 40 | t=77023ms | meilleur=2559.0
  [Sol 41 | t=82464ms | Score pondéré=2541.0]
  [Sol 42 | t=82467ms | Score pondéré=2508.0]
  [Sol 43 | t=83331ms | Score pondéré=2502.0]
  [Sol 44 | t=83356ms | Score pondéré=2448.0]
  [Sol 45 | t=83418ms | Score pondéré=2412.0]
  [Sol 46 | t=83423ms | Score pondéré=2361.0]
  [Sol 47 | t=83483ms | Score pondéré=2322.0]
  [Sol 48 | t=83490ms | Score pondéré=2265.0]
  [Sol 49 | t=86213ms | Score pondéré=2256.0]
  [Sol 50 | t=86235ms | Score pondéré=2250.0]
    -> Itération 50 | t=86235ms | meilleur=2256.0
  [Sol 51 | t=86298ms | Score pondéré=2154.0]
  [Sol 52 | t=154602ms | Score pondéré=2124.0]
  [Sol 53 | t=154645ms | Score pondéré=2037.0]
  -> Solutions=53 Améliorations=53 Score pondéré=2037.0 Temps=180000ms (TIMEOUT_MAX)
  -> Best = 48 , 43 , 50 , 55 , 59 , 57 , 55 , 53 , 52 , 60 , 59 , 57 , 59 , 62 , 60 , 59 , 57 , 55
[20:43:26] DONE 3_1-1_1-1 -> TIMEOUT_MAX score=2037.0 nsol=53
[20:43:26] RUN  nv=3 esp='1 1' vt='1,2' (1st)
2
Cantus firmus -> gamme détectée : Majeur (tonique = C) -> gamme spécifiée : Majeur

=== Génération : cf8 (Do Reference Grave) | 3voices_1_1_1_vtype_1_2 | preset=bryce | obj=pond | timeout=180000ms | stagn=0ms ===
  [Sol 1 | t=8ms | Score pondéré=33823.0]
    -> Itération 1 | t=8ms | meilleur=1000000000000000000.0
  [Sol 2 | t=9ms | Score pondéré=33784.0]
  [Sol 3 | t=9ms | Score pondéré=33754.0]
  [Sol 4 | t=12ms | Score pondéré=33675.0]
  [Sol 5 | t=12ms | Score pondéré=33654.0]
    -> Itération 5 | t=12ms | meilleur=33675.0
  [Sol 6 | t=13ms | Score pondéré=33555.0]
  [Sol 7 | t=18ms | Score pondéré=33474.0]
  [Sol 8 | t=19ms | Score pondéré=33330.0]
  [Sol 9 | t=20ms | Score pondéré=33273.0]
  [Sol 10 | t=41ms | Score pondéré=33219.0]
    -> Itération 10 | t=41ms | meilleur=33273.0
  [Sol 11 | t=52ms | Score pondéré=33168.0]
  [Sol 12 | t=62ms | Score pondéré=33138.0]
  [Sol 13 | t=88ms | Score pondéré=6478.0]
  [Sol 14 | t=90ms | Score pondéré=6480.0]
  [Sol 15 | t=93ms | Score pondéré=6375.0]
  [Sol 16 | t=94ms | Score pondéré=6231.0]
  [Sol 17 | t=94ms | Score pondéré=6174.0]
  [Sol 18 | t=97ms | Score pondéré=6171.0]
  [Sol 19 | t=98ms | Score pondéré=6027.0]
  [Sol 20 | t=99ms | Score pondéré=5970.0]
    -> Itération 20 | t=99ms | meilleur=6027.0
  [Sol 21 | t=100ms | Score pondéré=5952.0]
  [Sol 22 | t=102ms | Score pondéré=5940.0]
  [Sol 23 | t=113ms | Score pondéré=5910.0]
  [Sol 24 | t=138ms | Score pondéré=5466.0]
  [Sol 25 | t=696ms | Score pondéré=5448.0]
  [Sol 26 | t=878ms | Score pondéré=4704.0]
  [Sol 27 | t=879ms | Score pondéré=4587.0]
  [Sol 28 | t=881ms | Score pondéré=4566.0]
  [Sol 29 | t=883ms | Score pondéré=4530.0]
  [Sol 30 | t=886ms | Score pondéré=4470.0]
    -> Itération 30 | t=886ms | meilleur=4530.0
  [Sol 31 | t=888ms | Score pondéré=4467.0]
  [Sol 32 | t=928ms | Score pondéré=4428.0]
  [Sol 33 | t=928ms | Score pondéré=4281.0]
  [Sol 34 | t=933ms | Score pondéré=4278.0]
  [Sol 35 | t=934ms | Score pondéré=4182.0]
  [Sol 36 | t=934ms | Score pondéré=4161.0]
  [Sol 37 | t=975ms | Score pondéré=4134.0]
  [Sol 38 | t=976ms | Score pondéré=4113.0]
  [Sol 39 | t=1032ms | Score pondéré=3972.0]
  [Sol 40 | t=1033ms | Score pondéré=3876.0]
    -> Itération 40 | t=1033ms | meilleur=3972.0
  [Sol 41 | t=1034ms | Score pondéré=3873.0]
  [Sol 42 | t=1151ms | Score pondéré=3849.0]
  [Sol 43 | t=1152ms | Score pondéré=3846.0]
  [Sol 44 | t=1161ms | Score pondéré=3825.0]
  [Sol 45 | t=1163ms | Score pondéré=3807.0]
  [Sol 46 | t=1163ms | Score pondéré=3786.0]
  [Sol 47 | t=1176ms | Score pondéré=3750.0]
  [Sol 48 | t=1601ms | Score pondéré=3747.0]
  [Sol 49 | t=1606ms | Score pondéré=3705.0]
  [Sol 50 | t=1606ms | Score pondéré=3672.0]
    -> Itération 50 | t=1606ms | meilleur=3705.0
  [Sol 51 | t=1623ms | Score pondéré=3612.0]
  [Sol 52 | t=1624ms | Score pondéré=3477.0]
  [Sol 53 | t=1625ms | Score pondéré=3378.0]
  [Sol 54 | t=1626ms | Score pondéré=3345.0]
  [Sol 55 | t=1692ms | Score pondéré=3318.0]
  [Sol 56 | t=1696ms | Score pondéré=3222.0]
  [Sol 57 | t=2179ms | Score pondéré=3204.0]
  [Sol 58 | t=2206ms | Score pondéré=3207.0]
  [Sol 59 | t=2206ms | Score pondéré=3090.0]
  [Sol 60 | t=2208ms | Score pondéré=3069.0]
  [Sol 61 | t=2210ms | Score pondéré=3027.0]
  [Sol 62 | t=2210ms | Score pondéré=2994.0]
  [Sol 63 | t=2225ms | Score pondéré=2919.0]
  [Sol 64 | t=2678ms | Score pondéré=2868.0]
  [Sol 65 | t=14722ms | Score pondéré=2838.0]
  [Sol 66 | t=15353ms | Score pondéré=2838.0]
  [Sol 67 | t=15378ms | Score pondéré=2763.0]
  [Sol 68 | t=16443ms | Score pondéré=2748.0]
  [Sol 69 | t=16657ms | Score pondéré=2712.0]
  [Sol 70 | t=18922ms | Score pondéré=2706.0]
  [Sol 71 | t=19125ms | Score pondéré=2706.0]
  [Sol 72 | t=19134ms | Score pondéré=2634.0]
  [Sol 73 | t=19136ms | Score pondéré=2631.0]
  [Sol 74 | t=19254ms | Score pondéré=2595.0]
  [Sol 75 | t=28447ms | Score pondéré=2577.0]
  [Sol 76 | t=28461ms | Score pondéré=2502.0]
  [Sol 77 | t=30026ms | Score pondéré=2502.0]
  [Sol 78 | t=30965ms | Score pondéré=2439.0]
  [Sol 79 | t=32716ms | Score pondéré=2340.0]
  [Sol 80 | t=34115ms | Score pondéré=2304.0]
  [Sol 81 | t=34122ms | Score pondéré=2229.0]
  [Sol 82 | t=37797ms | Score pondéré=2166.0]
  [Sol 83 | t=63020ms | Score pondéré=2157.0]
  [Sol 84 | t=63045ms | Score pondéré=2124.0]
  [Sol 85 | t=63175ms | Score pondéré=2037.0]
  [Sol 86 | t=100473ms | Score pondéré=1998.0]
  [Sol 87 | t=126591ms | Score pondéré=1983.0]
  [Sol 88 | t=139412ms | Score pondéré=1947.0]
  [Sol 89 | t=139460ms | Score pondéré=1857.0]
  [Sol 90 | t=139477ms | Score pondéré=1785.0]
  [Sol 91 | t=147427ms | Score pondéré=1722.0]
  -> Solutions=91 Améliorations=86 Score pondéré=1722.0 Temps=180000ms (TIMEOUT_MAX)
  -> Best = 52 , 47 , 50 , 55 , 59 , 57 , 55 , 53 , 52 , 55 , 55 , 57 , 59 , 62 , 60 , 59 , 57 , 55
[20:46:26] DONE 3_1-1_1-2 -> TIMEOUT_MAX score=1722.0 nsol=91
[20:46:26] RUN  nv=3 esp='1 1' vt='1,3' (1st)
2
Cantus firmus -> gamme détectée : Majeur (tonique = C) -> gamme spécifiée : Majeur

=== Génération : cf8 (Do Reference Grave) | 3voices_1_1_1_vtype_1_3 | preset=bryce | obj=pond | timeout=180000ms | stagn=0ms ===
  [Sol 1 | t=7ms | Score pondéré=7657.0]
    -> Itération 1 | t=7ms | meilleur=1000000000000000000.0
  [Sol 2 | t=7ms | Score pondéré=7546.0]
  [Sol 3 | t=8ms | Score pondéré=7327.0]
  [Sol 4 | t=8ms | Score pondéré=7117.0]
  [Sol 5 | t=9ms | Score pondéré=7046.0]
    -> Itération 5 | t=9ms | meilleur=7117.0
  [Sol 6 | t=12ms | Score pondéré=6913.0]
  [Sol 7 | t=12ms | Score pondéré=6904.0]
  [Sol 8 | t=13ms | Score pondéré=6883.0]
  [Sol 9 | t=14ms | Score pondéré=6874.0]
  [Sol 10 | t=18ms | Score pondéré=6462.0]
    -> Itération 10 | t=18ms | meilleur=6874.0
  [Sol 11 | t=19ms | Score pondéré=6336.0]
  [Sol 12 | t=27ms | Score pondéré=6324.0]
  [Sol 13 | t=33ms | Score pondéré=6240.0]
  [Sol 14 | t=82ms | Score pondéré=6198.0]
  [Sol 15 | t=99ms | Score pondéré=6144.0]
  [Sol 16 | t=101ms | Score pondéré=6114.0]
  [Sol 17 | t=102ms | Score pondéré=6084.0]
  [Sol 18 | t=108ms | Score pondéré=6000.0]
  [Sol 19 | t=137ms | Score pondéré=5970.0]
  [Sol 20 | t=204ms | Score pondéré=5964.0]
    -> Itération 20 | t=204ms | meilleur=5970.0
  [Sol 21 | t=239ms | Score pondéré=5940.0]
  [Sol 22 | t=255ms | Score pondéré=5886.0]
  [Sol 23 | t=258ms | Score pondéré=5766.0]
  [Sol 24 | t=280ms | Score pondéré=5721.0]
  [Sol 25 | t=281ms | Score pondéré=5691.0]
  [Sol 26 | t=282ms | Score pondéré=5670.0]
  [Sol 27 | t=283ms | Score pondéré=5586.0]
  [Sol 28 | t=288ms | Score pondéré=5538.0]
  [Sol 29 | t=295ms | Score pondéré=5490.0]
  [Sol 30 | t=308ms | Score pondéré=5448.0]
    -> Itération 30 | t=308ms | meilleur=5490.0
  [Sol 31 | t=323ms | Score pondéré=5394.0]
  [Sol 32 | t=577ms | Score pondéré=5305.0]
  [Sol 33 | t=577ms | Score pondéré=4948.0]
  [Sol 34 | t=578ms | Score pondéré=4846.0]
  [Sol 35 | t=581ms | Score pondéré=4831.0]
  [Sol 36 | t=586ms | Score pondéré=4783.0]
  [Sol 37 | t=586ms | Score pondéré=4702.0]
  [Sol 38 | t=586ms | Score pondéré=4690.0]
  [Sol 39 | t=588ms | Score pondéré=4687.0]
  [Sol 40 | t=606ms | Score pondéré=4680.0]
    -> Itération 40 | t=606ms | meilleur=4687.0
  [Sol 41 | t=607ms | Score pondéré=4677.0]
  [Sol 42 | t=616ms | Score pondéré=4605.0]
  [Sol 43 | t=620ms | Score pondéré=4539.0]
  [Sol 44 | t=621ms | Score pondéré=4527.0]
  [Sol 45 | t=622ms | Score pondéré=4506.0]
  [Sol 46 | t=623ms | Score pondéré=4485.0]
  [Sol 47 | t=635ms | Score pondéré=4266.0]
  [Sol 48 | t=636ms | Score pondéré=4245.0]
  [Sol 49 | t=670ms | Score pondéré=4161.0]
  [Sol 50 | t=694ms | Score pondéré=4158.0]
    -> Itération 50 | t=694ms | meilleur=4161.0
  [Sol 51 | t=694ms | Score pondéré=4146.0]
  [Sol 52 | t=696ms | Score pondéré=4050.0]
  [Sol 53 | t=696ms | Score pondéré=4029.0]
  [Sol 54 | t=760ms | Score pondéré=4026.0]
  [Sol 55 | t=761ms | Score pondéré=4005.0]
  [Sol 56 | t=762ms | Score pondéré=3930.0]
  [Sol 57 | t=768ms | Score pondéré=3909.0]
  [Sol 58 | t=776ms | Score pondéré=3894.0]
  [Sol 59 | t=777ms | Score pondéré=3873.0]
  [Sol 60 | t=821ms | Score pondéré=3786.0]
  [Sol 61 | t=836ms | Score pondéré=3750.0]
  [Sol 62 | t=1094ms | Score pondéré=3645.0]
  [Sol 63 | t=1094ms | Score pondéré=3627.0]
  [Sol 64 | t=1095ms | Score pondéré=3510.0]
  [Sol 65 | t=1098ms | Score pondéré=3435.0]
  [Sol 66 | t=1113ms | Score pondéré=3393.0]
  [Sol 67 | t=1114ms | Score pondéré=3360.0]
  [Sol 68 | t=1133ms | Score pondéré=3333.0]
  [Sol 69 | t=1144ms | Score pondéré=3258.0]
  [Sol 70 | t=1176ms | Score pondéré=3255.0]
  [Sol 71 | t=1176ms | Score pondéré=3222.0]
  [Sol 72 | t=1342ms | Score pondéré=3108.0]
  [Sol 73 | t=1342ms | Score pondéré=3075.0]
  [Sol 74 | t=1395ms | Score pondéré=3039.0]
  [Sol 75 | t=1409ms | Score pondéré=3033.0]
  [Sol 76 | t=1410ms | Score pondéré=3012.0]
  [Sol 77 | t=1413ms | Score pondéré=2985.0]
  [Sol 78 | t=1483ms | Score pondéré=2952.0]
  [Sol 79 | t=1484ms | Score pondéré=2919.0]
  [Sol 80 | t=1555ms | Score pondéré=2904.0]
  [Sol 81 | t=1591ms | Score pondéré=2868.0]
  [Sol 82 | t=5655ms | Score pondéré=2838.0]
  [Sol 83 | t=6176ms | Score pondéré=2805.0]
  [Sol 84 | t=6342ms | Score pondéré=2799.0]
  [Sol 85 | t=6774ms | Score pondéré=2769.0]
  [Sol 86 | t=6785ms | Score pondéré=2763.0]
  [Sol 87 | t=6935ms | Score pondéré=2712.0]
  [Sol 88 | t=8297ms | Score pondéré=2706.0]
  [Sol 89 | t=8441ms | Score pondéré=2667.0]
  [Sol 90 | t=8441ms | Score pondéré=2634.0]
  [Sol 91 | t=8474ms | Score pondéré=2631.0]
  [Sol 92 | t=8474ms | Score pondéré=2598.0]
  [Sol 93 | t=8549ms | Score pondéré=2595.0]
  [Sol 94 | t=15381ms | Score pondéré=2502.0]
  [Sol 95 | t=17114ms | Score pondéré=2502.0]
  [Sol 96 | t=17551ms | Score pondéré=2439.0]
  [Sol 97 | t=18655ms | Score pondéré=2340.0]
  [Sol 98 | t=20555ms | Score pondéré=2325.0]
  [Sol 99 | t=20741ms | Score pondéré=2265.0]
  [Sol 100 | t=20868ms | Score pondéré=2229.0]
    -> Itération 100 | t=20868ms | meilleur=2265.0
  [Sol 101 | t=22716ms | Score pondéré=2199.0]
  [Sol 102 | t=22782ms | Score pondéré=2166.0]
  [Sol 103 | t=49255ms | Score pondéré=2124.0]
  [Sol 104 | t=49388ms | Score pondéré=2037.0]
  [Sol 105 | t=65710ms | Score pondéré=1998.0]
  [Sol 106 | t=87010ms | Score pondéré=1983.0]
  [Sol 107 | t=99890ms | Score pondéré=1959.0]
  [Sol 108 | t=108445ms | Score pondéré=1896.0]
  [Sol 109 | t=108490ms | Score pondéré=1791.0]
  [Sol 110 | t=108678ms | Score pondéré=1785.0]
  [Sol 111 | t=112522ms | Score pondéré=1722.0]
  [Sol 112 | t=135341ms | Score pondéré=1704.0]
  [Sol 113 | t=175340ms | Score pondéré=1677.0]
  [Sol 114 | t=175375ms | Score pondéré=1584.0]
  [Sol 115 | t=175376ms | Score pondéré=1563.0]
  [Sol 116 | t=178067ms | Score pondéré=1542.0]
  [Sol 117 | t=178075ms | Score pondéré=1521.0]
  [Sol 118 | t=178081ms | Score pondéré=1431.0]
  -> Solutions=118 Améliorations=117 Score pondéré=1431.0 Temps=180000ms (TIMEOUT_MAX)
  -> Best = 52 , 53 , 50 , 55 , 59 , 57 , 55 , 53 , 52 , 67 , 69 , 69 , 71 , 74 , 72 , 71 , 69 , 67
[20:49:26] DONE 3_1-1_1-3 -> TIMEOUT_MAX score=1431.0 nsol=118
[20:49:26] RUN  nv=3 esp='1 1' vt='2,1' (1st)
2
Cantus firmus -> gamme détectée : Majeur (tonique = C) -> gamme spécifiée : Majeur

=== Génération : cf8 (Do Reference Grave) | 3voices_1_1_1_vtype_2_1 | preset=bryce | obj=pond | timeout=180000ms | stagn=0ms ===
  [Sol 1 | t=8ms | Score pondéré=34389.0]
    -> Itération 1 | t=8ms | meilleur=1000000000000000000.0
  [Sol 2 | t=9ms | Score pondéré=32776.0]
  [Sol 3 | t=12ms | Score pondéré=32704.0]
  [Sol 4 | t=13ms | Score pondéré=32701.0]
  [Sol 5 | t=16ms | Score pondéré=5191.0]
    -> Itération 5 | t=16ms | meilleur=32701.0
  [Sol 6 | t=17ms | Score pondéré=5161.0]
  [Sol 7 | t=20ms | Score pondéré=5140.0]
  [Sol 8 | t=35ms | Score pondéré=5128.0]
  [Sol 9 | t=36ms | Score pondéré=5095.0]
  [Sol 10 | t=38ms | Score pondéré=5014.0]
    -> Itération 10 | t=38ms | meilleur=5095.0
  [Sol 11 | t=39ms | Score pondéré=4975.0]
  [Sol 12 | t=39ms | Score pondéré=4963.0]
  [Sol 13 | t=40ms | Score pondéré=4918.0]
  [Sol 14 | t=49ms | Score pondéré=4915.0]
  [Sol 15 | t=56ms | Score pondéré=4864.0]
  [Sol 16 | t=60ms | Score pondéré=4852.0]
  [Sol 17 | t=61ms | Score pondéré=4822.0]
  [Sol 18 | t=66ms | Score pondéré=4768.0]
  [Sol 19 | t=67ms | Score pondéré=4696.0]
  [Sol 20 | t=68ms | Score pondéré=4573.0]
    -> Itération 20 | t=68ms | meilleur=4696.0
  [Sol 21 | t=68ms | Score pondéré=4552.0]
  [Sol 22 | t=99ms | Score pondéré=4534.0]
  [Sol 23 | t=100ms | Score pondéré=4513.0]
  [Sol 24 | t=103ms | Score pondéré=4507.0]
  [Sol 25 | t=103ms | Score pondéré=4474.0]
  [Sol 26 | t=152ms | Score pondéré=4471.0]
  [Sol 27 | t=164ms | Score pondéré=4381.0]
  [Sol 28 | t=166ms | Score pondéré=4363.0]
  [Sol 29 | t=167ms | Score pondéré=4351.0]
  [Sol 30 | t=167ms | Score pondéré=4318.0]
    -> Itération 30 | t=167ms | meilleur=4351.0
  [Sol 31 | t=178ms | Score pondéré=4260.0]
  [Sol 32 | t=179ms | Score pondéré=4227.0]
  [Sol 33 | t=181ms | Score pondéré=4191.0]
  [Sol 34 | t=183ms | Score pondéré=4134.0]
  [Sol 35 | t=186ms | Score pondéré=4131.0]
  [Sol 36 | t=188ms | Score pondéré=4014.0]
  [Sol 37 | t=248ms | Score pondéré=3996.0]
  [Sol 38 | t=249ms | Score pondéré=3984.0]
  [Sol 39 | t=249ms | Score pondéré=3963.0]
  [Sol 40 | t=251ms | Score pondéré=3888.0]
    -> Itération 40 | t=251ms | meilleur=3963.0
  [Sol 41 | t=468ms | Score pondéré=3822.0]
  [Sol 42 | t=488ms | Score pondéré=3786.0]
  [Sol 43 | t=821ms | Score pondéré=3750.0]
  [Sol 44 | t=921ms | Score pondéré=3741.0]
  [Sol 45 | t=939ms | Score pondéré=3684.0]
  [Sol 46 | t=978ms | Score pondéré=3585.0]
  [Sol 47 | t=979ms | Score pondéré=3576.0]
  [Sol 48 | t=980ms | Score pondéré=3474.0]
  [Sol 49 | t=980ms | Score pondéré=3441.0]
  [Sol 50 | t=986ms | Score pondéré=3393.0]
    -> Itération 50 | t=986ms | meilleur=3441.0
  [Sol 51 | t=990ms | Score pondéré=3348.0]
  [Sol 52 | t=991ms | Score pondéré=3315.0]
  [Sol 53 | t=1043ms | Score pondéré=3297.0]
  [Sol 54 | t=1052ms | Score pondéré=3255.0]
  [Sol 55 | t=1053ms | Score pondéré=3222.0]
  [Sol 56 | t=1820ms | Score pondéré=3159.0]
  [Sol 57 | t=1893ms | Score pondéré=3081.0]
  [Sol 58 | t=1895ms | Score pondéré=3060.0]
  [Sol 59 | t=1897ms | Score pondéré=3018.0]
  [Sol 60 | t=1897ms | Score pondéré=2985.0]
  [Sol 61 | t=2029ms | Score pondéré=2952.0]
  [Sol 62 | t=2029ms | Score pondéré=2919.0]
  [Sol 63 | t=2549ms | Score pondéré=2904.0]
  [Sol 64 | t=2591ms | Score pondéré=2868.0]
  [Sol 65 | t=12653ms | Score pondéré=2838.0]
  [Sol 66 | t=13238ms | Score pondéré=2838.0]
  [Sol 67 | t=13258ms | Score pondéré=2805.0]
  [Sol 68 | t=13258ms | Score pondéré=2763.0]
  [Sol 69 | t=14047ms | Score pondéré=2730.0]
  [Sol 70 | t=14361ms | Score pondéré=2712.0]
  [Sol 71 | t=15011ms | Score pondéré=2706.0]
  [Sol 72 | t=15380ms | Score pondéré=2631.0]
  [Sol 73 | t=15457ms | Score pondéré=2595.0]
  [Sol 74 | t=25051ms | Score pondéré=2544.0]
  [Sol 75 | t=25053ms | Score pondéré=2511.0]
  [Sol 76 | t=25246ms | Score pondéré=2502.0]
  [Sol 77 | t=26401ms | Score pondéré=2439.0]
  [Sol 78 | t=27841ms | Score pondéré=2415.0]
  [Sol 79 | t=27846ms | Score pondéré=2340.0]
  [Sol 80 | t=28326ms | Score pondéré=2337.0]
  [Sol 81 | t=28799ms | Score pondéré=2265.0]
  [Sol 82 | t=28871ms | Score pondéré=2229.0]
  [Sol 83 | t=29061ms | Score pondéré=2199.0]
  [Sol 84 | t=29065ms | Score pondéré=2166.0]
  [Sol 85 | t=45268ms | Score pondéré=2157.0]
  [Sol 86 | t=45304ms | Score pondéré=2127.0]
  [Sol 87 | t=45346ms | Score pondéré=2124.0]
  [Sol 88 | t=45792ms | Score pondéré=2052.0]
  [Sol 89 | t=45889ms | Score pondéré=2037.0]
  [Sol 90 | t=61618ms | Score pondéré=1998.0]
  [Sol 91 | t=73754ms | Score pondéré=1983.0]
  [Sol 92 | t=80118ms | Score pondéré=1881.0]
  [Sol 93 | t=80621ms | Score pondéré=1869.0]
  [Sol 94 | t=80621ms | Score pondéré=1857.0]
  [Sol 95 | t=81278ms | Score pondéré=1803.0]
  [Sol 96 | t=81279ms | Score pondéré=1791.0]
  [Sol 97 | t=81985ms | Score pondéré=1722.0]
  [Sol 98 | t=107389ms | Score pondéré=1704.0]
  [Sol 99 | t=134477ms | Score pondéré=1587.0]
  [Sol 100 | t=134486ms | Score pondéré=1545.0]
    -> Itération 100 | t=134486ms | meilleur=1587.0
  [Sol 101 | t=134587ms | Score pondéré=1479.0]
  [Sol 102 | t=136904ms | Score pondéré=1431.0]
  -> Solutions=102 Améliorations=101 Score pondéré=1431.0 Temps=180000ms (TIMEOUT_MAX)
  -> Best = 55 , 57 , 57 , 59 , 62 , 60 , 59 , 57 , 55 , 52 , 53 , 50 , 55 , 59 , 57 , 55 , 53 , 52
[20:52:26] DONE 3_1-1_2-1 -> TIMEOUT_MAX score=1431.0 nsol=102
[20:52:26] RUN  nv=3 esp='1 1' vt='2,2' (1st)
2
Cantus firmus -> gamme détectée : Majeur (tonique = C) -> gamme spécifiée : Majeur

=== Génération : cf8 (Do Reference Grave) | 3voices_1_1_1_vtype_2_2 | preset=bryce | obj=pond | timeout=180000ms | stagn=0ms ===
  [Sol 1 | t=10ms | Score pondéré=4938.0]
    -> Itération 1 | t=10ms | meilleur=1000000000000000000.0
  [Sol 2 | t=11ms | Score pondéré=4689.0]
  [Sol 3 | t=11ms | Score pondéré=4368.0]
  [Sol 4 | t=12ms | Score pondéré=4065.0]
  [Sol 5 | t=13ms | Score pondéré=3957.0]
    -> Itération 5 | t=13ms | meilleur=4065.0
  [Sol 6 | t=15ms | Score pondéré=3825.0]
  [Sol 7 | t=17ms | Score pondéré=3717.0]
  [Sol 8 | t=18ms | Score pondéré=3672.0]
  [Sol 9 | t=19ms | Score pondéré=3573.0]
  [Sol 10 | t=20ms | Score pondéré=3465.0]
    -> Itération 10 | t=20ms | meilleur=3573.0
  [Sol 11 | t=32ms | Score pondéré=3387.0]
  [Sol 12 | t=40ms | Score pondéré=3297.0]
  [Sol 13 | t=52ms | Score pondéré=3264.0]
  [Sol 14 | t=56ms | Score pondéré=3180.0]
  [Sol 15 | t=67ms | Score pondéré=3129.0]
  [Sol 16 | t=67ms | Score pondéré=3078.0]
  [Sol 17 | t=70ms | Score pondéré=3036.0]
  [Sol 18 | t=196ms | Score pondéré=3018.0]
  [Sol 19 | t=196ms | Score pondéré=2976.0]
  [Sol 20 | t=290ms | Score pondéré=2869.0]
    -> Itération 20 | t=290ms | meilleur=2976.0
  [Sol 21 | t=307ms | Score pondéré=2827.0]
  [Sol 22 | t=311ms | Score pondéré=2824.0]
  [Sol 23 | t=388ms | Score pondéré=2749.0]
  [Sol 24 | t=389ms | Score pondéré=2733.0]
  [Sol 25 | t=1728ms | Score pondéré=2707.0]
  [Sol 26 | t=1730ms | Score pondéré=2704.0]
  [Sol 27 | t=2631ms | Score pondéré=2674.0]
  [Sol 28 | t=2632ms | Score pondéré=2658.0]
  [Sol 29 | t=3906ms | Score pondéré=2641.0]
  [Sol 30 | t=3909ms | Score pondéré=2638.0]
    -> Itération 30 | t=3909ms | meilleur=2641.0
  [Sol 31 | t=3980ms | Score pondéré=2472.0]
  [Sol 32 | t=4193ms | Score pondéré=2469.0]
  [Sol 33 | t=12593ms | Score pondéré=2406.0]
  [Sol 34 | t=12613ms | Score pondéré=2373.0]
  [Sol 35 | t=13959ms | Score pondéré=2274.0]
  [Sol 36 | t=13972ms | Score pondéré=2178.0]
  [Sol 37 | t=15476ms | Score pondéré=2163.0]
  [Sol 38 | t=15477ms | Score pondéré=2142.0]
  [Sol 39 | t=15608ms | Score pondéré=2127.0]
  [Sol 40 | t=15619ms | Score pondéré=2115.0]
    -> Itération 40 | t=15619ms | meilleur=2127.0
  [Sol 41 | t=15620ms | Score pondéré=2064.0]
  [Sol 42 | t=15624ms | Score pondéré=2031.0]
  [Sol 43 | t=16038ms | Score pondéré=1989.0]
  [Sol 44 | t=25482ms | Score pondéré=1980.0]
  [Sol 45 | t=46697ms | Score pondéré=1944.0]
  [Sol 46 | t=46976ms | Score pondéré=1821.0]
  [Sol 47 | t=50541ms | Score pondéré=1806.0]
  [Sol 48 | t=51941ms | Score pondéré=1803.0]
  [Sol 49 | t=51951ms | Score pondéré=1803.0]
  [Sol 50 | t=53220ms | Score pondéré=1785.0]
    -> Itération 50 | t=53220ms | meilleur=1803.0
  [Sol 51 | t=53255ms | Score pondéré=1752.0]
  [Sol 52 | t=53266ms | Score pondéré=1704.0]
  [Sol 53 | t=84880ms | Score pondéré=1542.0]
  [Sol 54 | t=85018ms | Score pondéré=1431.0]
  -> Solutions=54 Améliorations=53 Score pondéré=1431.0 Temps=180000ms (TIMEOUT_MAX)
  -> Best = 55 , 57 , 57 , 59 , 62 , 60 , 59 , 57 , 55 , 52 , 53 , 50 , 55 , 59 , 57 , 55 , 53 , 52
[20:55:26] DONE 3_1-1_2-2 -> TIMEOUT_MAX score=1431.0 nsol=54
[20:55:26] RUN  nv=3 esp='1 1' vt='2,3' (1st)
2
Cantus firmus -> gamme détectée : Majeur (tonique = C) -> gamme spécifiée : Majeur

=== Génération : cf8 (Do Reference Grave) | 3voices_1_1_1_vtype_2_3 | preset=bryce | obj=pond | timeout=180000ms | stagn=0ms ===
  [Sol 1 | t=7ms | Score pondéré=4473.0]
    -> Itération 1 | t=7ms | meilleur=1000000000000000000.0
  [Sol 2 | t=8ms | Score pondéré=4440.0]
  [Sol 3 | t=8ms | Score pondéré=4329.0]
  [Sol 4 | t=10ms | Score pondéré=4245.0]
  [Sol 5 | t=16ms | Score pondéré=4191.0]
    -> Itération 5 | t=16ms | meilleur=4245.0
  [Sol 6 | t=18ms | Score pondéré=4125.0]
  [Sol 7 | t=21ms | Score pondéré=4041.0]
  [Sol 8 | t=53ms | Score pondéré=3976.0]
  [Sol 9 | t=63ms | Score pondéré=3903.0]
  [Sol 10 | t=74ms | Score pondéré=3801.0]
    -> Itération 10 | t=74ms | meilleur=3903.0
  [Sol 11 | t=76ms | Score pondéré=3690.0]
  [Sol 12 | t=77ms | Score pondéré=3495.0]
  [Sol 13 | t=78ms | Score pondéré=3402.0]
  [Sol 14 | t=983ms | Score pondéré=3354.0]
  [Sol 15 | t=1090ms | Score pondéré=3240.0]
  [Sol 16 | t=1091ms | Score pondéré=3135.0]
  [Sol 17 | t=1118ms | Score pondéré=3129.0]
  [Sol 18 | t=1191ms | Score pondéré=3096.0]
  [Sol 19 | t=1320ms | Score pondéré=3096.0]
  [Sol 20 | t=1322ms | Score pondéré=3054.0]
    -> Itération 20 | t=1322ms | meilleur=3096.0
  [Sol 21 | t=1436ms | Score pondéré=3039.0]
  [Sol 22 | t=1877ms | Score pondéré=3030.0]
  [Sol 23 | t=1878ms | Score pondéré=2997.0]
  [Sol 24 | t=1948ms | Score pondéré=2967.0]
  [Sol 25 | t=1949ms | Score pondéré=2958.0]
  [Sol 26 | t=4309ms | Score pondéré=2949.0]
  [Sol 27 | t=5746ms | Score pondéré=2943.0]
  [Sol 28 | t=6650ms | Score pondéré=2901.0]
  [Sol 29 | t=7057ms | Score pondéré=2832.0]
  [Sol 30 | t=7414ms | Score pondéré=2817.0]
    -> Itération 30 | t=7414ms | meilleur=2832.0
  [Sol 31 | t=7455ms | Score pondéré=2778.0]
  [Sol 32 | t=7767ms | Score pondéré=2739.0]
  [Sol 33 | t=7771ms | Score pondéré=2730.0]
  [Sol 34 | t=8140ms | Score pondéré=2721.0]
  [Sol 35 | t=8143ms | Score pondéré=2706.0]
  [Sol 36 | t=8149ms | Score pondéré=2691.0]
  [Sol 37 | t=8150ms | Score pondéré=2682.0]
  [Sol 38 | t=10252ms | Score pondéré=2649.0]
  [Sol 39 | t=10354ms | Score pondéré=2631.0]
  [Sol 40 | t=10371ms | Score pondéré=2616.0]
    -> Itération 40 | t=10371ms | meilleur=2631.0
  [Sol 41 | t=10374ms | Score pondéré=2469.0]
  [Sol 42 | t=16038ms | Score pondéré=2466.0]
  [Sol 43 | t=21089ms | Score pondéré=2425.0]
  [Sol 44 | t=21128ms | Score pondéré=2379.0]
  [Sol 45 | t=21258ms | Score pondéré=2355.0]
  [Sol 46 | t=21260ms | Score pondéré=2292.0]
  [Sol 47 | t=21274ms | Score pondéré=2254.0]
  [Sol 48 | t=21278ms | Score pondéré=2191.0]
  [Sol 49 | t=21300ms | Score pondéré=2163.0]
  [Sol 50 | t=22096ms | Score pondéré=2031.0]
    -> Itération 50 | t=22096ms | meilleur=2163.0
  [Sol 51 | t=25323ms | Score pondéré=1989.0]
  [Sol 52 | t=30695ms | Score pondéré=1980.0]
  [Sol 53 | t=41194ms | Score pondéré=1968.0]
  [Sol 54 | t=41219ms | Score pondéré=1959.0]
  [Sol 55 | t=41398ms | Score pondéré=1956.0]
  [Sol 56 | t=41408ms | Score pondéré=1938.0]
  [Sol 57 | t=41439ms | Score pondéré=1918.0]
  [Sol 58 | t=41444ms | Score pondéré=1845.0]
  [Sol 59 | t=49241ms | Score pondéré=1785.0]
  [Sol 60 | t=49258ms | Score pondéré=1704.0]
  [Sol 61 | t=93288ms | Score pondéré=1665.0]
  [Sol 62 | t=93296ms | Score pondéré=1659.0]
  [Sol 63 | t=93297ms | Score pondéré=1605.0]
  [Sol 64 | t=100251ms | Score pondéré=1584.0]
  [Sol 65 | t=100253ms | Score pondéré=1563.0]
  [Sol 66 | t=101810ms | Score pondéré=1557.0]
  [Sol 67 | t=101828ms | Score pondéré=1431.0]
  [Sol 68 | t=172506ms | Score pondéré=1341.0]
  [Sol 69 | t=172554ms | Score pondéré=1278.0]
  -> Solutions=69 Améliorations=68 Score pondéré=1278.0 Temps=180000ms (TIMEOUT_MAX)
  -> Best = 52 , 57 , 60 , 59 , 59 , 57 , 55 , 53 , 52 , 64 , 65 , 69 , 67 , 62 , 60 , 59 , 57 , 55
[20:58:26] DONE 3_1-1_2-3 -> TIMEOUT_MAX score=1278.0 nsol=69
[20:58:26] RUN  nv=3 esp='1 1' vt='3,1' (1st)
2
Cantus firmus -> gamme détectée : Majeur (tonique = C) -> gamme spécifiée : Majeur

=== Génération : cf8 (Do Reference Grave) | 3voices_1_1_1_vtype_3_1 | preset=bryce | obj=pond | timeout=180000ms | stagn=0ms ===
  [Sol 1 | t=8ms | Score pondéré=6303.0]
    -> Itération 1 | t=8ms | meilleur=1000000000000000000.0
  [Sol 2 | t=9ms | Score pondéré=6219.0]
  [Sol 3 | t=9ms | Score pondéré=5960.0]
  [Sol 4 | t=10ms | Score pondéré=5765.0]
  [Sol 5 | t=11ms | Score pondéré=5744.0]
    -> Itération 5 | t=11ms | meilleur=5765.0
  [Sol 6 | t=11ms | Score pondéré=5726.0]
  [Sol 7 | t=12ms | Score pondéré=5624.0]
  [Sol 8 | t=12ms | Score pondéré=5582.0]
  [Sol 9 | t=12ms | Score pondéré=5465.0]
  [Sol 10 | t=15ms | Score pondéré=5372.0]
    -> Itération 10 | t=15ms | meilleur=5465.0
  [Sol 11 | t=16ms | Score pondéré=5273.0]
  [Sol 12 | t=17ms | Score pondéré=5252.0]
  [Sol 13 | t=18ms | Score pondéré=5062.0]
  [Sol 14 | t=18ms | Score pondéré=4966.0]
  [Sol 15 | t=21ms | Score pondéré=4849.0]
  [Sol 16 | t=22ms | Score pondéré=4843.0]
  [Sol 17 | t=23ms | Score pondéré=4831.0]
  [Sol 18 | t=23ms | Score pondéré=4810.0]
  [Sol 19 | t=52ms | Score pondéré=4723.0]
  [Sol 20 | t=54ms | Score pondéré=4648.0]
    -> Itération 20 | t=54ms | meilleur=4723.0
  [Sol 21 | t=74ms | Score pondéré=4552.0]
  [Sol 22 | t=78ms | Score pondéré=4495.0]
  [Sol 23 | t=79ms | Score pondéré=4474.0]
  [Sol 24 | t=115ms | Score pondéré=4393.0]
  [Sol 25 | t=171ms | Score pondéré=4351.0]
  [Sol 26 | t=172ms | Score pondéré=4318.0]
  [Sol 27 | t=179ms | Score pondéré=4305.0]
  [Sol 28 | t=179ms | Score pondéré=4224.0]
  [Sol 29 | t=180ms | Score pondéré=4143.0]
  [Sol 30 | t=180ms | Score pondéré=4131.0]
    -> Itération 30 | t=180ms | meilleur=4143.0
  [Sol 31 | t=182ms | Score pondéré=4035.0]
  [Sol 32 | t=182ms | Score pondéré=4014.0]
  [Sol 33 | t=210ms | Score pondéré=3984.0]
  [Sol 34 | t=222ms | Score pondéré=3909.0]
  [Sol 35 | t=223ms | Score pondéré=3888.0]
  [Sol 36 | t=317ms | Score pondéré=3843.0]
  [Sol 37 | t=317ms | Score pondéré=3822.0]
  [Sol 38 | t=328ms | Score pondéré=3786.0]
  [Sol 39 | t=404ms | Score pondéré=3765.0]
  [Sol 40 | t=404ms | Score pondéré=3753.0]
    -> Itération 40 | t=404ms | meilleur=3765.0
  [Sol 41 | t=407ms | Score pondéré=3750.0]
  [Sol 42 | t=536ms | Score pondéré=3741.0]
  [Sol 43 | t=585ms | Score pondéré=3691.0]
  [Sol 44 | t=588ms | Score pondéré=3654.0]
  [Sol 45 | t=589ms | Score pondéré=3645.0]
  [Sol 46 | t=589ms | Score pondéré=3510.0]
  [Sol 47 | t=592ms | Score pondéré=3468.0]
  [Sol 48 | t=593ms | Score pondéré=3435.0]
  [Sol 49 | t=604ms | Score pondéré=3360.0]
  [Sol 50 | t=620ms | Score pondéré=3345.0]
    -> Itération 50 | t=620ms | meilleur=3360.0
  [Sol 51 | t=675ms | Score pondéré=3255.0]
  [Sol 52 | t=676ms | Score pondéré=3222.0]
  [Sol 53 | t=856ms | Score pondéré=3213.0]
  [Sol 54 | t=864ms | Score pondéré=3195.0]
  [Sol 55 | t=870ms | Score pondéré=3075.0]
  [Sol 56 | t=895ms | Score pondéré=3075.0]
  [Sol 57 | t=896ms | Score pondéré=3042.0]
  [Sol 58 | t=954ms | Score pondéré=3030.0]
  [Sol 59 | t=980ms | Score pondéré=3012.0]
  [Sol 60 | t=984ms | Score pondéré=2985.0]
  [Sol 61 | t=1052ms | Score pondéré=2919.0]
  [Sol 62 | t=1095ms | Score pondéré=2904.0]
  [Sol 63 | t=1167ms | Score pondéré=2901.0]
  [Sol 64 | t=1167ms | Score pondéré=2868.0]
  [Sol 65 | t=6312ms | Score pondéré=2838.0]
  [Sol 66 | t=6712ms | Score pondéré=2799.0]
  [Sol 67 | t=6788ms | Score pondéré=2769.0]
  [Sol 68 | t=6798ms | Score pondéré=2763.0]
  [Sol 69 | t=7232ms | Score pondéré=2748.0]
  [Sol 70 | t=7288ms | Score pondéré=2712.0]
  [Sol 71 | t=8094ms | Score pondéré=2706.0]
  [Sol 72 | t=8218ms | Score pondéré=2706.0]
  [Sol 73 | t=8219ms | Score pondéré=2673.0]
  [Sol 74 | t=8220ms | Score pondéré=2670.0]
  [Sol 75 | t=8227ms | Score pondéré=2628.0]
  [Sol 76 | t=8227ms | Score pondéré=2595.0]
  [Sol 77 | t=15227ms | Score pondéré=2538.0]
  [Sol 78 | t=15521ms | Score pondéré=2502.0]
  [Sol 79 | t=16465ms | Score pondéré=2502.0]
  [Sol 80 | t=16863ms | Score pondéré=2481.0]
  [Sol 81 | t=16864ms | Score pondéré=2439.0]
  [Sol 82 | t=17410ms | Score pondéré=2340.0]
  [Sol 83 | t=17735ms | Score pondéré=2340.0]
  [Sol 84 | t=17762ms | Score pondéré=2265.0]
  [Sol 85 | t=18117ms | Score pondéré=2229.0]
  [Sol 86 | t=18561ms | Score pondéré=2166.0]
  [Sol 87 | t=25073ms | Score pondéré=2049.0]
  [Sol 88 | t=25085ms | Score pondéré=2046.0]
  [Sol 89 | t=25503ms | Score pondéré=2037.0]
  [Sol 90 | t=34302ms | Score pondéré=1998.0]
  [Sol 91 | t=40837ms | Score pondéré=1983.0]
  [Sol 92 | t=44557ms | Score pondéré=1941.0]
  [Sol 93 | t=44578ms | Score pondéré=1911.0]
  [Sol 94 | t=44579ms | Score pondéré=1899.0]
  [Sol 95 | t=44800ms | Score pondéré=1881.0]
  [Sol 96 | t=44976ms | Score pondéré=1803.0]
  [Sol 97 | t=44976ms | Score pondéré=1791.0]
  [Sol 98 | t=45329ms | Score pondéré=1722.0]
  [Sol 99 | t=53637ms | Score pondéré=1704.0]
  [Sol 100 | t=63193ms | Score pondéré=1701.0]
    -> Itération 100 | t=63193ms | meilleur=1704.0
  [Sol 101 | t=64254ms | Score pondéré=1638.0]
  [Sol 102 | t=64927ms | Score pondéré=1560.0]
  [Sol 103 | t=64980ms | Score pondéré=1557.0]
  [Sol 104 | t=65601ms | Score pondéré=1542.0]
  [Sol 105 | t=65766ms | Score pondéré=1431.0]
  [Sol 106 | t=107711ms | Score pondéré=1392.0]
  [Sol 107 | t=124240ms | Score pondéré=1365.0]
  [Sol 108 | t=124846ms | Score pondéré=1308.0]
  [Sol 109 | t=125322ms | Score pondéré=1257.0]
  [Sol 110 | t=125322ms | Score pondéré=1182.0]
  [Sol 111 | t=125786ms | Score pondéré=1071.0]
  -> Solutions=111 Améliorations=107 Score pondéré=1071.0 Temps=136492ms (EXHAUSTIVE)
  -> Best = 64 , 65 , 69 , 67 , 62 , 60 , 59 , 57 , 55 , 55 , 57 , 60 , 59 , 59 , 57 , 55 , 53 , 52
[21:00:42] DONE 3_1-1_3-1 -> EXHAUSTIVE score=1071.0 nsol=111
[21:00:42] RUN  nv=3 esp='1 1' vt='3,2' (1st)
2
Cantus firmus -> gamme détectée : Majeur (tonique = C) -> gamme spécifiée : Majeur

=== Génération : cf8 (Do Reference Grave) | 3voices_1_1_1_vtype_3_2 | preset=bryce | obj=pond | timeout=180000ms | stagn=0ms ===
  [Sol 1 | t=9ms | Score pondéré=9859.0]
    -> Itération 1 | t=9ms | meilleur=1000000000000000000.0
  [Sol 2 | t=11ms | Score pondéré=9538.0]
  [Sol 3 | t=11ms | Score pondéré=8320.0]
  [Sol 4 | t=12ms | Score pondéré=8071.0]
  [Sol 5 | t=12ms | Score pondéré=7750.0]
    -> Itération 5 | t=12ms | meilleur=8071.0
  [Sol 6 | t=12ms | Score pondéré=7675.0]
  [Sol 7 | t=13ms | Score pondéré=7612.0]
  [Sol 8 | t=14ms | Score pondéré=7291.0]
  [Sol 9 | t=17ms | Score pondéré=6268.0]
  [Sol 10 | t=17ms | Score pondéré=6019.0]
    -> Itération 10 | t=17ms | meilleur=6268.0
  [Sol 11 | t=18ms | Score pondéré=5698.0]
  [Sol 12 | t=18ms | Score pondéré=5590.0]
  [Sol 13 | t=22ms | Score pondéré=5515.0]
  [Sol 14 | t=31ms | Score pondéré=5405.0]
  [Sol 15 | t=35ms | Score pondéré=5401.0]
  [Sol 16 | t=40ms | Score pondéré=5386.0]
  [Sol 17 | t=42ms | Score pondéré=5311.0]
  [Sol 18 | t=58ms | Score pondéré=5275.0]
  [Sol 19 | t=68ms | Score pondéré=5266.0]
  [Sol 20 | t=70ms | Score pondéré=5155.0]
    -> Itération 20 | t=70ms | meilleur=5266.0
  [Sol 21 | t=130ms | Score pondéré=5149.0]
  [Sol 22 | t=176ms | Score pondéré=5133.0]
  [Sol 23 | t=189ms | Score pondéré=5040.0]
  [Sol 24 | t=191ms | Score pondéré=5007.0]
  [Sol 25 | t=200ms | Score pondéré=4863.0]
  [Sol 26 | t=241ms | Score pondéré=4759.0]
  [Sol 27 | t=241ms | Score pondéré=4624.0]
  [Sol 28 | t=242ms | Score pondéré=4438.0]
  [Sol 29 | t=243ms | Score pondéré=4330.0]
  [Sol 30 | t=245ms | Score pondéré=4237.0]
    -> Itération 30 | t=245ms | meilleur=4330.0
  [Sol 31 | t=247ms | Score pondéré=4229.0]
  [Sol 32 | t=249ms | Score pondéré=4219.0]
  [Sol 33 | t=251ms | Score pondéré=4165.0]
  [Sol 34 | t=252ms | Score pondéré=4030.0]
  [Sol 35 | t=255ms | Score pondéré=3928.0]
  [Sol 36 | t=257ms | Score pondéré=3844.0]
  [Sol 37 | t=258ms | Score pondéré=3709.0]
  [Sol 38 | t=260ms | Score pondéré=3625.0]
  [Sol 39 | t=265ms | Score pondéré=3565.0]
  [Sol 40 | t=265ms | Score pondéré=3457.0]
    -> Itération 40 | t=265ms | meilleur=3565.0
  [Sol 41 | t=268ms | Score pondéré=3424.0]
  [Sol 42 | t=284ms | Score pondéré=3394.0]
  [Sol 43 | t=287ms | Score pondéré=3313.0]
  [Sol 44 | t=308ms | Score pondéré=3312.0]
  [Sol 45 | t=311ms | Score pondéré=3222.0]
  [Sol 46 | t=325ms | Score pondéré=3151.0]
  [Sol 47 | t=327ms | Score pondéré=3066.0]
  [Sol 48 | t=333ms | Score pondéré=3033.0]
  [Sol 49 | t=363ms | Score pondéré=2940.0]
  [Sol 50 | t=368ms | Score pondéré=2931.0]
    -> Itération 50 | t=368ms | meilleur=2940.0
  [Sol 51 | t=395ms | Score pondéré=2889.0]
  [Sol 52 | t=397ms | Score pondéré=2856.0]
  [Sol 53 | t=842ms | Score pondéré=2856.0]
  [Sol 54 | t=1970ms | Score pondéré=2820.0]
  [Sol 55 | t=1972ms | Score pondéré=2787.0]
  [Sol 56 | t=2404ms | Score pondéré=2760.0]
  [Sol 57 | t=2425ms | Score pondéré=2724.0]
  [Sol 58 | t=2466ms | Score pondéré=2721.0]
  [Sol 59 | t=2469ms | Score pondéré=2709.0]
  [Sol 60 | t=2470ms | Score pondéré=2658.0]
  [Sol 61 | t=2470ms | Score pondéré=2616.0]
  [Sol 62 | t=2518ms | Score pondéré=2598.0]
  [Sol 63 | t=2518ms | Score pondéré=2547.0]
  [Sol 64 | t=2518ms | Score pondéré=2505.0]
  [Sol 65 | t=2743ms | Score pondéré=2481.0]
  [Sol 66 | t=4486ms | Score pondéré=2469.0]
  [Sol 67 | t=4667ms | Score pondéré=2442.0]
  [Sol 68 | t=4742ms | Score pondéré=2406.0]
  [Sol 69 | t=4773ms | Score pondéré=2383.0]
  [Sol 70 | t=4776ms | Score pondéré=2362.0]
  [Sol 71 | t=4784ms | Score pondéré=2323.0]
  [Sol 72 | t=4785ms | Score pondéré=2272.0]
  [Sol 73 | t=4793ms | Score pondéré=2254.0]
  [Sol 74 | t=4803ms | Score pondéré=2242.0]
  [Sol 75 | t=4804ms | Score pondéré=2191.0]
  [Sol 76 | t=4837ms | Score pondéré=2175.0]
  [Sol 77 | t=4844ms | Score pondéré=2064.0]
  [Sol 78 | t=4852ms | Score pondéré=2031.0]
  [Sol 79 | t=5313ms | Score pondéré=1989.0]
  [Sol 80 | t=7631ms | Score pondéré=1980.0]
  [Sol 81 | t=8343ms | Score pondéré=1884.0]
  [Sol 82 | t=8364ms | Score pondéré=1833.0]
  [Sol 83 | t=8369ms | Score pondéré=1800.0]
  [Sol 84 | t=8379ms | Score pondéré=1785.0]
  [Sol 85 | t=8458ms | Score pondéré=1704.0]
  [Sol 86 | t=14199ms | Score pondéré=1701.0]
  [Sol 87 | t=16854ms | Score pondéré=1638.0]
  [Sol 88 | t=19892ms | Score pondéré=1557.0]
  [Sol 89 | t=20279ms | Score pondéré=1479.0]
  [Sol 90 | t=20543ms | Score pondéré=1431.0]
  [Sol 91 | t=40802ms | Score pondéré=1425.0]
  [Sol 92 | t=80948ms | Score pondéré=1326.0]
  [Sol 93 | t=139107ms | Score pondéré=1242.0]
  [Sol 94 | t=140168ms | Score pondéré=1137.0]
  [Sol 95 | t=140455ms | Score pondéré=1071.0]
  -> Solutions=95 Améliorations=94 Score pondéré=1071.0 Temps=180000ms (TIMEOUT_MAX)
  -> Best = 67 , 69 , 72 , 71 , 71 , 69 , 67 , 65 , 64 , 64 , 65 , 69 , 67 , 62 , 60 , 59 , 57 , 55
[21:03:43] DONE 3_1-1_3-2 -> TIMEOUT_MAX score=1071.0 nsol=95
[21:03:43] RUN  nv=3 esp='1 1' vt='3,3' (1st)
2
Cantus firmus -> gamme détectée : Majeur (tonique = C) -> gamme spécifiée : Majeur

=== Génération : cf8 (Do Reference Grave) | 3voices_1_1_1_vtype_3_3 | preset=bryce | obj=pond | timeout=180000ms | stagn=0ms ===
  [Sol 1 | t=12ms | Score pondéré=7998.0]
    -> Itération 1 | t=12ms | meilleur=1000000000000000000.0
  [Sol 2 | t=13ms | Score pondéré=7506.0]
  [Sol 3 | t=14ms | Score pondéré=5937.0]
  [Sol 4 | t=15ms | Score pondéré=5730.0]
  [Sol 5 | t=16ms | Score pondéré=5682.0]
    -> Itération 5 | t=16ms | meilleur=5730.0
  [Sol 6 | t=17ms | Score pondéré=5649.0]
  [Sol 7 | t=20ms | Score pondéré=5595.0]
  [Sol 8 | t=24ms | Score pondéré=5529.0]
  [Sol 9 | t=31ms | Score pondéré=5412.0]
  [Sol 10 | t=55ms | Score pondéré=5394.0]
    -> Itération 10 | t=55ms | meilleur=5412.0
  [Sol 11 | t=56ms | Score pondéré=5379.0]
  [Sol 12 | t=56ms | Score pondéré=5313.0]
  [Sol 13 | t=58ms | Score pondéré=5253.0]
  [Sol 14 | t=59ms | Score pondéré=5220.0]
  [Sol 15 | t=59ms | Score pondéré=5187.0]
  [Sol 16 | t=60ms | Score pondéré=5172.0]
  [Sol 17 | t=61ms | Score pondéré=5145.0]
  [Sol 18 | t=79ms | Score pondéré=5139.0]
  [Sol 19 | t=80ms | Score pondéré=5121.0]
  [Sol 20 | t=84ms | Score pondéré=5097.0]
    -> Itération 20 | t=84ms | meilleur=5121.0
  [Sol 21 | t=84ms | Score pondéré=5094.0]
  [Sol 22 | t=87ms | Score pondéré=5094.0]
  [Sol 23 | t=96ms | Score pondéré=5085.0]
  [Sol 24 | t=109ms | Score pondéré=5025.0]
  [Sol 25 | t=127ms | Score pondéré=4917.0]
  [Sol 26 | t=127ms | Score pondéré=4872.0]
  [Sol 27 | t=128ms | Score pondéré=4755.0]
  [Sol 28 | t=188ms | Score pondéré=4749.0]
  [Sol 29 | t=229ms | Score pondéré=4725.0]
  [Sol 30 | t=233ms | Score pondéré=4716.0]
    -> Itération 30 | t=233ms | meilleur=4725.0
  [Sol 31 | t=288ms | Score pondéré=4701.0]
  [Sol 32 | t=288ms | Score pondéré=4698.0]
  [Sol 33 | t=290ms | Score pondéré=4698.0]
  [Sol 34 | t=298ms | Score pondéré=4689.0]
  [Sol 35 | t=351ms | Score pondéré=4629.0]
  [Sol 36 | t=478ms | Score pondéré=4620.0]
  [Sol 37 | t=478ms | Score pondéré=4602.0]
  [Sol 38 | t=479ms | Score pondéré=4584.0]
  [Sol 39 | t=481ms | Score pondéré=4548.0]
  [Sol 40 | t=531ms | Score pondéré=4512.0]
    -> Itération 40 | t=531ms | meilleur=4548.0
  [Sol 41 | t=531ms | Score pondéré=4461.0]
  [Sol 42 | t=535ms | Score pondéré=4452.0]
  [Sol 43 | t=555ms | Score pondéré=4449.0]
  [Sol 44 | t=709ms | Score pondéré=4362.0]
  [Sol 45 | t=719ms | Score pondéré=4353.0]
  [Sol 46 | t=719ms | Score pondéré=4335.0]
  [Sol 47 | t=721ms | Score pondéré=4326.0]
  [Sol 48 | t=1441ms | Score pondéré=4293.0]
  [Sol 49 | t=2905ms | Score pondéré=4281.0]
  [Sol 50 | t=2909ms | Score pondéré=4197.0]
    -> Itération 50 | t=2909ms | meilleur=4281.0
  [Sol 51 | t=2913ms | Score pondéré=4179.0]
  [Sol 52 | t=2920ms | Score pondéré=4158.0]
  [Sol 53 | t=2941ms | Score pondéré=4062.0]
  [Sol 54 | t=3167ms | Score pondéré=4035.0]
  [Sol 55 | t=3178ms | Score pondéré=4032.0]
  [Sol 56 | t=3436ms | Score pondéré=3945.0]
  [Sol 57 | t=3439ms | Score pondéré=3909.0]
  [Sol 58 | t=9494ms | Score pondéré=3858.0]
  [Sol 59 | t=9807ms | Score pondéré=3846.0]
  [Sol 60 | t=9932ms | Score pondéré=3840.0]
  [Sol 61 | t=9940ms | Score pondéré=3825.0]
  [Sol 62 | t=9944ms | Score pondéré=3714.0]
  [Sol 63 | t=9955ms | Score pondéré=3702.0]
  [Sol 64 | t=9958ms | Score pondéré=3618.0]
  [Sol 65 | t=9964ms | Score pondéré=3615.0]
  [Sol 66 | t=10038ms | Score pondéré=3603.0]
  [Sol 67 | t=10043ms | Score pondéré=3492.0]
  [Sol 68 | t=20856ms | Score pondéré=3471.0]
  [Sol 69 | t=22042ms | Score pondéré=3429.0]
  [Sol 70 | t=22046ms | Score pondéré=3423.0]
  [Sol 71 | t=22047ms | Score pondéré=3381.0]
  [Sol 72 | t=22049ms | Score pondéré=3231.0]
  [Sol 73 | t=22055ms | Score pondéré=3093.0]
  [Sol 74 | t=22062ms | Score pondéré=3003.0]
  [Sol 75 | t=22063ms | Score pondéré=2982.0]
  [Sol 76 | t=22064ms | Score pondéré=2853.0]
  [Sol 77 | t=22065ms | Score pondéré=2778.0]
  [Sol 78 | t=22069ms | Score pondéré=2553.0]
  [Sol 79 | t=22116ms | Score pondéré=2532.0]
  [Sol 80 | t=22201ms | Score pondéré=2436.0]
  [Sol 81 | t=22219ms | Score pondéré=2313.0]
  [Sol 82 | t=29734ms | Score pondéré=2223.0]
  [Sol 83 | t=29739ms | Score pondéré=2148.0]
  [Sol 84 | t=29745ms | Score pondéré=2145.0]
  [Sol 85 | t=29747ms | Score pondéré=2070.0]
  [Sol 86 | t=29752ms | Score pondéré=2064.0]
  [Sol 87 | t=29829ms | Score pondéré=1950.0]
  [Sol 88 | t=48135ms | Score pondéré=1890.0]
  [Sol 89 | t=48173ms | Score pondéré=1827.0]
  [Sol 90 | t=48181ms | Score pondéré=1785.0]
  [Sol 91 | t=145427ms | Score pondéré=1743.0]
  [Sol 92 | t=145441ms | Score pondéré=1701.0]
  -> Solutions=92 Améliorations=90 Score pondéré=1701.0 Temps=180000ms (TIMEOUT_MAX)
  -> Best = 60 , 62 , 57 , 55 , 59 , 60 , 59 , 57 , 55 , 69 , 71 , 72 , 71 , 74 , 69 , 67 , 65 , 64
[21:06:43] DONE 3_1-1_3-3 -> TIMEOUT_MAX score=1701.0 nsol=92
[21:06:43] RUN  nv=3 esp='1 2' vt='1,1' (2nd)
2
Cantus firmus -> gamme détectée : Majeur (tonique = C) -> gamme spécifiée : Majeur

=== Génération : cf8 (Do Reference Grave) | 3voices_1_1_2_vtype_1_1 | preset=bryce | obj=pond | timeout=180000ms | stagn=0ms ===
  [Sol 1 | t=17ms | Score pondéré=15237.0]
    -> Itération 1 | t=17ms | meilleur=1000000000000000000.0
  [Sol 2 | t=18ms | Score pondéré=15142.0]
  [Sol 3 | t=19ms | Score pondéré=15126.0]
  [Sol 4 | t=19ms | Score pondéré=15057.0]
  [Sol 5 | t=20ms | Score pondéré=13496.0]
    -> Itération 5 | t=20ms | meilleur=15057.0
  [Sol 6 | t=21ms | Score pondéré=13385.0]
  [Sol 7 | t=23ms | Score pondéré=13265.0]
  [Sol 8 | t=26ms | Score pondéré=13233.0]
  [Sol 9 | t=30ms | Score pondéré=13054.0]
  [Sol 10 | t=33ms | Score pondéré=13009.0]
    -> Itération 10 | t=33ms | meilleur=13054.0
  [Sol 11 | t=35ms | Score pondéré=12987.0]
  [Sol 12 | t=35ms | Score pondéré=12889.0]
  [Sol 13 | t=38ms | Score pondéré=12857.0]
  [Sol 14 | t=45ms | Score pondéré=12849.0]
  [Sol 15 | t=46ms | Score pondéré=12751.0]
  [Sol 16 | t=48ms | Score pondéré=12719.0]
  [Sol 17 | t=58ms | Score pondéré=12701.0]
  [Sol 18 | t=58ms | Score pondéré=12677.0]
  [Sol 19 | t=59ms | Score pondéré=12664.0]
  [Sol 20 | t=59ms | Score pondéré=12608.0]
    -> Itération 20 | t=59ms | meilleur=12664.0
  [Sol 21 | t=137ms | Score pondéré=12496.0]
  [Sol 22 | t=137ms | Score pondéré=12406.0]
  [Sol 23 | t=138ms | Score pondéré=12317.0]
  [Sol 24 | t=138ms | Score pondéré=12030.0]
  [Sol 25 | t=140ms | Score pondéré=12014.0]
  [Sol 26 | t=413ms | Score pondéré=11981.0]
  [Sol 27 | t=414ms | Score pondéré=11891.0]
  [Sol 28 | t=443ms | Score pondéré=11808.0]
  [Sol 29 | t=443ms | Score pondéré=11713.0]
  [Sol 30 | t=444ms | Score pondéré=11522.0]
    -> Itération 30 | t=444ms | meilleur=11713.0
  [Sol 31 | t=449ms | Score pondéré=11289.0]
  [Sol 32 | t=452ms | Score pondéré=11273.0]
  [Sol 33 | t=531ms | Score pondéré=11260.0]
  [Sol 34 | t=564ms | Score pondéré=11144.0]
  [Sol 35 | t=565ms | Score pondéré=11139.0]
  [Sol 36 | t=565ms | Score pondéré=11128.0]
  [Sol 37 | t=571ms | Score pondéré=11017.0]
  [Sol 38 | t=599ms | Score pondéré=11012.0]
  [Sol 39 | t=623ms | Score pondéré=11001.0]
  [Sol 40 | t=624ms | Score pondéré=10977.0]
    -> Itération 40 | t=624ms | meilleur=11001.0
  [Sol 41 | t=625ms | Score pondéré=10908.0]
  [Sol 42 | t=629ms | Score pondéré=10728.0]
  [Sol 43 | t=631ms | Score pondéré=10659.0]
  [Sol 44 | t=698ms | Score pondéré=9814.0]
  [Sol 45 | t=698ms | Score pondéré=9511.0]
  [Sol 46 | t=704ms | Score pondéré=9495.0]
  [Sol 47 | t=723ms | Score pondéré=9279.0]
  [Sol 48 | t=724ms | Score pondéré=9189.0]
  [Sol 49 | t=729ms | Score pondéré=9173.0]
  [Sol 50 | t=1463ms | Score pondéré=6966.0]
    -> Itération 50 | t=1463ms | meilleur=9173.0
  [Sol 51 | t=1465ms | Score pondéré=6950.0]
  [Sol 52 | t=1468ms | Score pondéré=6837.0]
  [Sol 53 | t=1468ms | Score pondéré=6736.0]
  [Sol 54 | t=1469ms | Score pondéré=6688.0]
  [Sol 55 | t=1470ms | Score pondéré=6598.0]
  [Sol 56 | t=1472ms | Score pondéré=6577.0]
  [Sol 57 | t=1472ms | Score pondéré=6487.0]
  [Sol 58 | t=1475ms | Score pondéré=6449.0]
  [Sol 59 | t=1491ms | Score pondéré=6377.0]
  [Sol 60 | t=1495ms | Score pondéré=6374.0]
  [Sol 61 | t=1496ms | Score pondéré=6295.0]
  [Sol 62 | t=1497ms | Score pondéré=6263.0]
  [Sol 63 | t=1507ms | Score pondéré=6246.0]
  [Sol 64 | t=1529ms | Score pondéré=6081.0]
  [Sol 65 | t=1530ms | Score pondéré=5991.0]
  [Sol 66 | t=1531ms | Score pondéré=5970.0]
  [Sol 67 | t=1531ms | Score pondéré=5880.0]
  [Sol 68 | t=1537ms | Score pondéré=5832.0]
  [Sol 69 | t=1538ms | Score pondéré=5784.0]
  [Sol 70 | t=1539ms | Score pondéré=5694.0]
  [Sol 71 | t=1540ms | Score pondéré=5673.0]
  [Sol 72 | t=1540ms | Score pondéré=5583.0]
  [Sol 73 | t=1745ms | Score pondéré=5475.0]
  [Sol 74 | t=3048ms | Score pondéré=5424.0]
  [Sol 75 | t=3167ms | Score pondéré=5423.0]
  [Sol 76 | t=3492ms | Score pondéré=5412.0]
  [Sol 77 | t=3525ms | Score pondéré=5396.0]
  [Sol 78 | t=7686ms | Score pondéré=5369.0]
  [Sol 79 | t=7686ms | Score pondéré=5274.0]
  [Sol 80 | t=7686ms | Score pondéré=5152.0]
  [Sol 81 | t=7687ms | Score pondéré=5083.0]
  [Sol 82 | t=7691ms | Score pondéré=4967.0]
  [Sol 83 | t=7691ms | Score pondéré=4898.0]
  [Sol 84 | t=7695ms | Score pondéré=4893.0]
  [Sol 85 | t=7697ms | Score pondéré=4835.0]
  [Sol 86 | t=7698ms | Score pondéré=4766.0]
  [Sol 87 | t=7705ms | Score pondéré=4765.0]
  [Sol 88 | t=7706ms | Score pondéré=4728.0]
  [Sol 89 | t=7976ms | Score pondéré=4718.0]
  [Sol 90 | t=7977ms | Score pondéré=4718.0]
  [Sol 91 | t=7978ms | Score pondéré=4636.0]
  [Sol 92 | t=7979ms | Score pondéré=4567.0]
  [Sol 93 | t=7980ms | Score pondéré=4498.0]
  [Sol 94 | t=7993ms | Score pondéré=4461.0]
  [Sol 95 | t=8612ms | Score pondéré=4435.0]
  [Sol 96 | t=8622ms | Score pondéré=4419.0]
  [Sol 97 | t=8622ms | Score pondéré=4382.0]
  [Sol 98 | t=8623ms | Score pondéré=4326.0]
  [Sol 99 | t=13028ms | Score pondéré=4313.0]
  [Sol 100 | t=13029ms | Score pondéré=4297.0]
    -> Itération 100 | t=13029ms | meilleur=4313.0
  [Sol 101 | t=13194ms | Score pondéré=4273.0]
  [Sol 102 | t=13322ms | Score pondéré=4239.0]
  [Sol 103 | t=13323ms | Score pondéré=4223.0]
  [Sol 104 | t=25192ms | Score pondéré=4215.0]
  [Sol 105 | t=25192ms | Score pondéré=4165.0]
  [Sol 106 | t=25193ms | Score pondéré=4096.0]
  [Sol 107 | t=51573ms | Score pondéré=4096.0]
  [Sol 108 | t=51964ms | Score pondéré=4077.0]
  [Sol 109 | t=51972ms | Score pondéré=4072.0]
  [Sol 110 | t=53217ms | Score pondéré=4049.0]
  [Sol 111 | t=53366ms | Score pondéré=4027.0]
  [Sol 112 | t=53385ms | Score pondéré=4022.0]
  [Sol 113 | t=107819ms | Score pondéré=3976.0]
  [Sol 114 | t=107982ms | Score pondéré=3942.0]
  [Sol 115 | t=107983ms | Score pondéré=3929.0]
  [Sol 116 | t=107984ms | Score pondéré=3913.0]
  [Sol 117 | t=107985ms | Score pondéré=3791.0]
  [Sol 118 | t=108303ms | Score pondéré=3778.0]
  [Sol 119 | t=114829ms | Score pondéré=3767.0]
  [Sol 120 | t=130885ms | Score pondéré=3696.0]
  [Sol 121 | t=130888ms | Score pondéré=3680.0]
  [Sol 122 | t=130928ms | Score pondéré=3677.0]
  [Sol 123 | t=145307ms | Score pondéré=3627.0]
  [Sol 124 | t=145308ms | Score pondéré=3587.0]
  [Sol 125 | t=145329ms | Score pondéré=3566.0]
  [Sol 126 | t=145331ms | Score pondéré=3545.0]
  -> Solutions=126 Améliorations=124 Score pondéré=3545.0 Temps=180000ms (TIMEOUT_MAX)
  -> Best = 48 , 43 , 45 , 43 , 47 , 45 , 45 , 43 , 48 , 48 , 45 , 47 , 50 , 48 , 45 , 47 , 48 , 50 , 55 , 57 , 59 , 60 , 62 , 64 , 65 , 64
[21:09:43] DONE 3_1-2_1-1 -> TIMEOUT_MAX score=3545.0 nsol=126
[21:09:43] RUN  nv=3 esp='1 2' vt='1,2' (2nd)
2
Cantus firmus -> gamme détectée : Majeur (tonique = C) -> gamme spécifiée : Majeur

=== Génération : cf8 (Do Reference Grave) | 3voices_1_1_2_vtype_1_2 | preset=bryce | obj=pond | timeout=180000ms | stagn=0ms ===
  [Sol 1 | t=13ms | Score pondéré=15354.0]
    -> Itération 1 | t=13ms | meilleur=1000000000000000000.0
  [Sol 2 | t=18ms | Score pondéré=15264.0]
  [Sol 3 | t=19ms | Score pondéré=15243.0]
  [Sol 4 | t=20ms | Score pondéré=15176.0]
  [Sol 5 | t=22ms | Score pondéré=15107.0]
    -> Itération 5 | t=22ms | meilleur=15176.0
  [Sol 6 | t=23ms | Score pondéré=15094.0]
  [Sol 7 | t=25ms | Score pondéré=15025.0]
  [Sol 8 | t=26ms | Score pondéré=14956.0]
  [Sol 9 | t=27ms | Score pondéré=14063.0]
  [Sol 10 | t=28ms | Score pondéré=13689.0]
    -> Itération 10 | t=28ms | meilleur=14063.0
  [Sol 11 | t=29ms | Score pondéré=13633.0]
  [Sol 12 | t=29ms | Score pondéré=13580.0]
  [Sol 13 | t=29ms | Score pondéré=13511.0]
  [Sol 14 | t=30ms | Score pondéré=13498.0]
  [Sol 15 | t=33ms | Score pondéré=12975.0]
  [Sol 16 | t=34ms | Score pondéré=12691.0]
  [Sol 17 | t=34ms | Score pondéré=12598.0]
  [Sol 18 | t=60ms | Score pondéré=12280.0]
  [Sol 19 | t=61ms | Score pondéré=12112.0]
  [Sol 20 | t=61ms | Score pondéré=11932.0]
    -> Itération 20 | t=61ms | meilleur=12112.0
  [Sol 21 | t=62ms | Score pondéré=11842.0]
  [Sol 22 | t=63ms | Score pondéré=11828.0]
  [Sol 23 | t=65ms | Score pondéré=11755.0]
  [Sol 24 | t=65ms | Score pondéré=11665.0]
  [Sol 25 | t=66ms | Score pondéré=11423.0]
  [Sol 26 | t=69ms | Score pondéré=11415.0]
  [Sol 27 | t=81ms | Score pondéré=11376.0]
  [Sol 28 | t=82ms | Score pondéré=11211.0]
  [Sol 29 | t=83ms | Score pondéré=11182.0]
  [Sol 30 | t=83ms | Score pondéré=11158.0]
    -> Itération 30 | t=83ms | meilleur=11182.0
  [Sol 31 | t=84ms | Score pondéré=11089.0]
  [Sol 32 | t=120ms | Score pondéré=11018.0]
  [Sol 33 | t=135ms | Score pondéré=10968.0]
  [Sol 34 | t=137ms | Score pondéré=10960.0]
  [Sol 35 | t=202ms | Score pondéré=10907.0]
  [Sol 36 | t=203ms | Score pondéré=10822.0]
  [Sol 37 | t=246ms | Score pondéré=10697.0]
  [Sol 38 | t=249ms | Score pondéré=10689.0]
  [Sol 39 | t=258ms | Score pondéré=10644.0]
  [Sol 40 | t=261ms | Score pondéré=10575.0]
    -> Itération 40 | t=261ms | meilleur=10644.0
  [Sol 41 | t=261ms | Score pondéré=10506.0]
  [Sol 42 | t=327ms | Score pondéré=10501.0]
  [Sol 43 | t=329ms | Score pondéré=10493.0]
  [Sol 44 | t=332ms | Score pondéré=10419.0]
  [Sol 45 | t=334ms | Score pondéré=10334.0]
  [Sol 46 | t=380ms | Score pondéré=10196.0]
  [Sol 47 | t=382ms | Score pondéré=10185.0]
  [Sol 48 | t=384ms | Score pondéré=10066.0]
  [Sol 49 | t=386ms | Score pondéré=10049.0]
  [Sol 50 | t=388ms | Score pondéré=10036.0]
    -> Itération 50 | t=388ms | meilleur=10049.0
  [Sol 51 | t=408ms | Score pondéré=9961.0]
  [Sol 52 | t=426ms | Score pondéré=9899.0]
  [Sol 53 | t=428ms | Score pondéré=9883.0]
  [Sol 54 | t=436ms | Score pondéré=9883.0]
  [Sol 55 | t=437ms | Score pondéré=9798.0]
  [Sol 56 | t=438ms | Score pondéré=9782.0]
  [Sol 57 | t=462ms | Score pondéré=9776.0]
  [Sol 58 | t=465ms | Score pondéré=9760.0]
  [Sol 59 | t=469ms | Score pondéré=9707.0]
  [Sol 60 | t=497ms | Score pondéré=9641.0]
  [Sol 61 | t=500ms | Score pondéré=9633.0]
  [Sol 62 | t=533ms | Score pondéré=9580.0]
  [Sol 63 | t=537ms | Score pondéré=9517.0]
  [Sol 64 | t=537ms | Score pondéré=9450.0]
  [Sol 65 | t=538ms | Score pondéré=9368.0]
  [Sol 66 | t=615ms | Score pondéré=9374.0]
  [Sol 67 | t=617ms | Score pondéré=9270.0]
  [Sol 68 | t=626ms | Score pondéré=9162.0]
  [Sol 69 | t=628ms | Score pondéré=9147.0]
  [Sol 70 | t=629ms | Score pondéré=9131.0]
  [Sol 71 | t=630ms | Score pondéré=9040.0]
  [Sol 72 | t=630ms | Score pondéré=9027.0]
  [Sol 73 | t=751ms | Score pondéré=8962.0]
  [Sol 74 | t=757ms | Score pondéré=8954.0]
  [Sol 75 | t=772ms | Score pondéré=8946.0]
  [Sol 76 | t=772ms | Score pondéré=8912.0]
  [Sol 77 | t=773ms | Score pondéré=8827.0]
  [Sol 78 | t=795ms | Score pondéré=8782.0]
  [Sol 79 | t=796ms | Score pondéré=8769.0]
  [Sol 80 | t=822ms | Score pondéré=8753.0]
  [Sol 81 | t=839ms | Score pondéré=8724.0]
  [Sol 82 | t=842ms | Score pondéré=8716.0]
  [Sol 83 | t=859ms | Score pondéré=8687.0]
  [Sol 84 | t=861ms | Score pondéré=8679.0]
  [Sol 85 | t=880ms | Score pondéré=8642.0]
  [Sol 86 | t=882ms | Score pondéré=8626.0]
  [Sol 87 | t=885ms | Score pondéré=8626.0]
  [Sol 88 | t=886ms | Score pondéré=8541.0]
  [Sol 89 | t=890ms | Score pondéré=8525.0]
  [Sol 90 | t=996ms | Score pondéré=8522.0]
  [Sol 91 | t=996ms | Score pondéré=8509.0]
  [Sol 92 | t=1020ms | Score pondéré=8498.0]
  [Sol 93 | t=1024ms | Score pondéré=8482.0]
  [Sol 94 | t=1031ms | Score pondéré=8429.0]
  [Sol 95 | t=1033ms | Score pondéré=8413.0]
  [Sol 96 | t=1036ms | Score pondéré=8384.0]
  [Sol 97 | t=1038ms | Score pondéré=8376.0]
  [Sol 98 | t=1045ms | Score pondéré=8331.0]
  [Sol 99 | t=1046ms | Score pondéré=8204.0]
  [Sol 100 | t=1049ms | Score pondéré=8196.0]
    -> Itération 100 | t=1049ms | meilleur=8204.0
  [Sol 101 | t=1050ms | Score pondéré=8138.0]
  [Sol 102 | t=1052ms | Score pondéré=8053.0]
  [Sol 103 | t=1054ms | Score pondéré=8037.0]
  [Sol 104 | t=1167ms | Score pondéré=8016.0]
  [Sol 105 | t=1243ms | Score pondéré=7973.0]
  [Sol 106 | t=1244ms | Score pondéré=7965.0]
  [Sol 107 | t=1266ms | Score pondéré=7936.0]
  [Sol 108 | t=1267ms | Score pondéré=7809.0]
  [Sol 109 | t=1270ms | Score pondéré=7801.0]
  [Sol 110 | t=1405ms | Score pondéré=7775.0]
  [Sol 111 | t=1408ms | Score pondéré=7759.0]
  [Sol 112 | t=1498ms | Score pondéré=7740.0]
  [Sol 113 | t=1498ms | Score pondéré=7727.0]
  [Sol 114 | t=1626ms | Score pondéré=7676.0]
  [Sol 115 | t=1628ms | Score pondéré=7549.0]
  [Sol 116 | t=1630ms | Score pondéré=7541.0]
  [Sol 117 | t=1659ms | Score pondéré=7520.0]
  [Sol 118 | t=1661ms | Score pondéré=7491.0]
  [Sol 119 | t=1668ms | Score pondéré=7481.0]
  [Sol 120 | t=1670ms | Score pondéré=7377.0]
  [Sol 121 | t=1777ms | Score pondéré=7335.0]
  [Sol 122 | t=2024ms | Score pondéré=7318.0]
  [Sol 123 | t=2031ms | Score pondéré=7240.0]
  [Sol 124 | t=2036ms | Score pondéré=7134.0]
  [Sol 125 | t=2037ms | Score pondéré=7126.0]
  [Sol 126 | t=2042ms | Score pondéré=7054.0]
  [Sol 127 | t=2113ms | Score pondéré=7003.0]
  [Sol 128 | t=2114ms | Score pondéré=6987.0]
  [Sol 129 | t=2115ms | Score pondéré=6891.0]
  [Sol 130 | t=2118ms | Score pondéré=6883.0]
  [Sol 131 | t=2356ms | Score pondéré=6878.0]
  [Sol 132 | t=2366ms | Score pondéré=6862.0]
  [Sol 133 | t=2368ms | Score pondéré=6777.0]
  [Sol 134 | t=2405ms | Score pondéré=6753.0]
  [Sol 135 | t=2424ms | Score pondéré=6687.0]
  [Sol 136 | t=2834ms | Score pondéré=6635.0]
  [Sol 137 | t=2837ms | Score pondéré=6635.0]
  [Sol 138 | t=2838ms | Score pondéré=6550.0]
  [Sol 139 | t=2841ms | Score pondéré=6534.0]
  [Sol 140 | t=2979ms | Score pondéré=6521.0]
  [Sol 141 | t=2981ms | Score pondéré=6513.0]
  [Sol 142 | t=3053ms | Score pondéré=6510.0]
  [Sol 143 | t=3064ms | Score pondéré=6494.0]
  [Sol 144 | t=3065ms | Score pondéré=6409.0]
  [Sol 145 | t=3104ms | Score pondéré=6380.0]
  [Sol 146 | t=3105ms | Score pondéré=6298.0]
  [Sol 147 | t=3188ms | Score pondéré=6272.0]
  [Sol 148 | t=3190ms | Score pondéré=6256.0]
  [Sol 149 | t=3381ms | Score pondéré=6232.0]
  [Sol 150 | t=3387ms | Score pondéré=6224.0]
  [Sol 151 | t=3401ms | Score pondéré=6219.0]
  [Sol 152 | t=3404ms | Score pondéré=6203.0]
  [Sol 153 | t=3462ms | Score pondéré=6193.0]
  [Sol 154 | t=3467ms | Score pondéré=6092.0]
  [Sol 155 | t=3503ms | Score pondéré=6068.0]
  [Sol 156 | t=3504ms | Score pondéré=5986.0]
  [Sol 157 | t=3965ms | Score pondéré=5945.0]
  [Sol 158 | t=3967ms | Score pondéré=5937.0]
  [Sol 159 | t=3980ms | Score pondéré=5929.0]
  [Sol 160 | t=3981ms | Score pondéré=5810.0]
  [Sol 161 | t=4021ms | Score pondéré=5707.0]
  [Sol 162 | t=4022ms | Score pondéré=5699.0]
  [Sol 163 | t=4185ms | Score pondéré=5657.0]
  [Sol 164 | t=6832ms | Score pondéré=5654.0]
  [Sol 165 | t=6833ms | Score pondéré=5646.0]
  [Sol 166 | t=6922ms | Score pondéré=5620.0]
  [Sol 167 | t=6924ms | Score pondéré=5604.0]
  [Sol 168 | t=9864ms | Score pondéré=5481.0]
  [Sol 169 | t=10187ms | Score pondéré=5444.0]
  [Sol 170 | t=10188ms | Score pondéré=5436.0]
  [Sol 171 | t=10194ms | Score pondéré=5428.0]
  [Sol 172 | t=10195ms | Score pondéré=5359.0]
  [Sol 173 | t=10261ms | Score pondéré=5277.0]
  [Sol 174 | t=10296ms | Score pondéré=5166.0]
  [Sol 175 | t=10299ms | Score pondéré=5150.0]
  [Sol 176 | t=10300ms | Score pondéré=5121.0]
  [Sol 177 | t=10300ms | Score pondéré=5084.0]
  [Sol 178 | t=10303ms | Score pondéré=4925.0]
  [Sol 179 | t=10305ms | Score pondéré=4917.0]
  [Sol 180 | t=10327ms | Score pondéré=4815.0]
  [Sol 181 | t=10330ms | Score pondéré=4814.0]
  [Sol 182 | t=10331ms | Score pondéré=4764.0]
  [Sol 183 | t=10331ms | Score pondéré=4679.0]
  [Sol 184 | t=10458ms | Score pondéré=4676.0]
  [Sol 185 | t=10494ms | Score pondéré=4626.0]
  [Sol 186 | t=10496ms | Score pondéré=4610.0]
  [Sol 187 | t=11068ms | Score pondéré=4607.0]
  [Sol 188 | t=11111ms | Score pondéré=4541.0]
  [Sol 189 | t=11275ms | Score pondéré=4488.0]
  [Sol 190 | t=11278ms | Score pondéré=4472.0]
  [Sol 191 | t=11427ms | Score pondéré=4437.0]
  [Sol 192 | t=11428ms | Score pondéré=4400.0]
  [Sol 193 | t=11431ms | Score pondéré=4392.0]
  [Sol 194 | t=11432ms | Score pondéré=4336.0]
  [Sol 195 | t=11432ms | Score pondéré=4323.0]
  [Sol 196 | t=11450ms | Score pondéré=4302.0]
  [Sol 197 | t=11451ms | Score pondéré=4236.0]
  [Sol 198 | t=11456ms | Score pondéré=4167.0]
  [Sol 199 | t=11458ms | Score pondéré=4159.0]
  [Sol 200 | t=11544ms | Score pondéré=4117.0]
    -> Itération 200 | t=11544ms | meilleur=4159.0
  [Sol 201 | t=13892ms | Score pondéré=4096.0]
  [Sol 202 | t=17550ms | Score pondéré=4014.0]
  [Sol 203 | t=17673ms | Score pondéré=3943.0]
  [Sol 204 | t=17949ms | Score pondéré=3924.0]
  [Sol 205 | t=18104ms | Score pondéré=3853.0]
  [Sol 206 | t=19914ms | Score pondéré=3850.0]
  [Sol 207 | t=23894ms | Score pondéré=3841.0]
  [Sol 208 | t=23897ms | Score pondéré=3825.0]
  [Sol 209 | t=23931ms | Score pondéré=3762.0]
  [Sol 210 | t=23932ms | Score pondéré=3746.0]
  [Sol 211 | t=23933ms | Score pondéré=3677.0]
  [Sol 212 | t=28419ms | Score pondéré=3613.0]
  [Sol 213 | t=28441ms | Score pondéré=3597.0]
  [Sol 214 | t=28442ms | Score pondéré=3589.0]
  [Sol 215 | t=31086ms | Score pondéré=3561.0]
  [Sol 216 | t=31087ms | Score pondéré=3540.0]
  [Sol 217 | t=31130ms | Score pondéré=3539.0]
  [Sol 218 | t=32823ms | Score pondéré=3536.0]
  [Sol 219 | t=51682ms | Score pondéré=3522.0]
  [Sol 220 | t=52237ms | Score pondéré=3466.0]
  [Sol 221 | t=52976ms | Score pondéré=3445.0]
  [Sol 222 | t=143708ms | Score pondéré=3432.0]
  [Sol 223 | t=143708ms | Score pondéré=3419.0]
  [Sol 224 | t=148397ms | Score pondéré=3416.0]
  -> Solutions=224 Améliorations=220 Score pondéré=3416.0 Temps=180000ms (TIMEOUT_MAX)
  -> Best = 48 , 43 , 45 , 45 , 48 , 45 , 43 , 47 , 52 , 55 , 57 , 59 , 62 , 60 , 53 , 48 , 50 , 52 , 50 , 48 , 53 , 55 , 59 , 62 , 60 , 55
[21:12:43] DONE 3_1-2_1-2 -> TIMEOUT_MAX score=3416.0 nsol=224
[21:12:43] RUN  nv=3 esp='1 2' vt='1,3' (2nd)
2
Cantus firmus -> gamme détectée : Majeur (tonique = C) -> gamme spécifiée : Majeur

=== Génération : cf8 (Do Reference Grave) | 3voices_1_1_2_vtype_1_3 | preset=bryce | obj=pond | timeout=180000ms | stagn=0ms ===
  [Sol 1 | t=13ms | Score pondéré=13473.0]
    -> Itération 1 | t=13ms | meilleur=1000000000000000000.0
  [Sol 2 | t=14ms | Score pondéré=12079.0]
  [Sol 3 | t=14ms | Score pondéré=11911.0]
  [Sol 4 | t=15ms | Score pondéré=11899.0]
  [Sol 5 | t=16ms | Score pondéré=11869.0]
    -> Itération 5 | t=16ms | meilleur=11899.0
  [Sol 6 | t=17ms | Score pondéré=11779.0]
  [Sol 7 | t=18ms | Score pondéré=11710.0]
  [Sol 8 | t=18ms | Score pondéré=11426.0]
  [Sol 9 | t=19ms | Score pondéré=11336.0]
  [Sol 10 | t=22ms | Score pondéré=11278.0]
    -> Itération 10 | t=22ms | meilleur=11336.0
  [Sol 11 | t=22ms | Score pondéré=11225.0]
  [Sol 12 | t=22ms | Score pondéré=11156.0]
  [Sol 13 | t=23ms | Score pondéré=11143.0]
  [Sol 14 | t=26ms | Score pondéré=11111.0]
  [Sol 15 | t=27ms | Score pondéré=10712.0]
  [Sol 16 | t=28ms | Score pondéré=10537.0]
  [Sol 17 | t=29ms | Score pondéré=10418.0]
  [Sol 18 | t=32ms | Score pondéré=10388.0]
  [Sol 19 | t=33ms | Score pondéré=10375.0]
  [Sol 20 | t=37ms | Score pondéré=10106.0]
    -> Itération 20 | t=37ms | meilleur=10375.0
  [Sol 21 | t=42ms | Score pondéré=10097.0]
  [Sol 22 | t=43ms | Score pondéré=10084.0]
  [Sol 23 | t=48ms | Score pondéré=10033.0]
  [Sol 24 | t=49ms | Score pondéré=10020.0]
  [Sol 25 | t=55ms | Score pondéré=9159.0]
  [Sol 26 | t=56ms | Score pondéré=8978.0]
  [Sol 27 | t=56ms | Score pondéré=8962.0]
  [Sol 28 | t=57ms | Score pondéré=8814.0]
  [Sol 29 | t=58ms | Score pondéré=8771.0]
  [Sol 30 | t=59ms | Score pondéré=8543.0]
    -> Itération 30 | t=59ms | meilleur=8771.0
  [Sol 31 | t=61ms | Score pondéré=8538.0]
  [Sol 32 | t=73ms | Score pondéré=8486.0]
  [Sol 33 | t=73ms | Score pondéré=8419.0]
  [Sol 34 | t=74ms | Score pondéré=8337.0]
  [Sol 35 | t=87ms | Score pondéré=8297.0]
  [Sol 36 | t=88ms | Score pondéré=8215.0]
  [Sol 37 | t=108ms | Score pondéré=8086.0]
  [Sol 38 | t=109ms | Score pondéré=8041.0]
  [Sol 39 | t=110ms | Score pondéré=7951.0]
  [Sol 40 | t=111ms | Score pondéré=7887.0]
    -> Itération 40 | t=111ms | meilleur=7951.0
  [Sol 41 | t=112ms | Score pondéré=7802.0]
  [Sol 42 | t=137ms | Score pondéré=7765.0]
  [Sol 43 | t=140ms | Score pondéré=7749.0]
  [Sol 44 | t=172ms | Score pondéré=7680.0]
  [Sol 45 | t=174ms | Score pondéré=7675.0]
  [Sol 46 | t=261ms | Score pondéré=7591.0]
  [Sol 47 | t=261ms | Score pondéré=7578.0]
  [Sol 48 | t=276ms | Score pondéré=7525.0]
  [Sol 49 | t=278ms | Score pondéré=7440.0]
  [Sol 50 | t=280ms | Score pondéré=7424.0]
    -> Itération 50 | t=280ms | meilleur=7440.0
  [Sol 51 | t=307ms | Score pondéré=7363.0]
  [Sol 52 | t=313ms | Score pondéré=7355.0]
  [Sol 53 | t=315ms | Score pondéré=7350.0]
  [Sol 54 | t=322ms | Score pondéré=7342.0]
  [Sol 55 | t=323ms | Score pondéré=7329.0]
  [Sol 56 | t=374ms | Score pondéré=7260.0]
  [Sol 57 | t=375ms | Score pondéré=7175.0]
  [Sol 58 | t=429ms | Score pondéré=7148.0]
  [Sol 59 | t=446ms | Score pondéré=7097.0]
  [Sol 60 | t=449ms | Score pondéré=7084.0]
  [Sol 61 | t=485ms | Score pondéré=7060.0]
  [Sol 62 | t=490ms | Score pondéré=7055.0]
  [Sol 63 | t=491ms | Score pondéré=7042.0]
  [Sol 64 | t=537ms | Score pondéré=6982.0]
  [Sol 65 | t=539ms | Score pondéré=6966.0]
  [Sol 66 | t=557ms | Score pondéré=6961.0]
  [Sol 67 | t=581ms | Score pondéré=6897.0]
  [Sol 68 | t=583ms | Score pondéré=6892.0]
  [Sol 69 | t=611ms | Score pondéré=6871.0]
  [Sol 70 | t=613ms | Score pondéré=6786.0]
  [Sol 71 | t=614ms | Score pondéré=6770.0]
  [Sol 72 | t=805ms | Score pondéré=6752.0]
  [Sol 73 | t=806ms | Score pondéré=6619.0]
  [Sol 74 | t=806ms | Score pondéré=6537.0]
  [Sol 75 | t=807ms | Score pondéré=6468.0]
  [Sol 76 | t=808ms | Score pondéré=6399.0]
  [Sol 77 | t=817ms | Score pondéré=6231.0]
  [Sol 78 | t=819ms | Score pondéré=6218.0]
  [Sol 79 | t=821ms | Score pondéré=6091.0]
  [Sol 80 | t=852ms | Score pondéré=6067.0]
  [Sol 81 | t=870ms | Score pondéré=6062.0]
  [Sol 82 | t=870ms | Score pondéré=6049.0]
  [Sol 83 | t=939ms | Score pondéré=5983.0]
  [Sol 84 | t=940ms | Score pondéré=5970.0]
  [Sol 85 | t=1026ms | Score pondéré=5916.0]
  [Sol 86 | t=1055ms | Score pondéré=5911.0]
  [Sol 87 | t=1066ms | Score pondéré=5877.0]
  [Sol 88 | t=1069ms | Score pondéré=5832.0]
  [Sol 89 | t=1152ms | Score pondéré=5810.0]
  [Sol 90 | t=1194ms | Score pondéré=5699.0]
  [Sol 91 | t=1292ms | Score pondéré=5691.0]
  [Sol 92 | t=1292ms | Score pondéré=5678.0]
  [Sol 93 | t=1405ms | Score pondéré=5636.0]
  [Sol 94 | t=1405ms | Score pondéré=5623.0]
  [Sol 95 | t=1439ms | Score pondéré=5607.0]
  [Sol 96 | t=1481ms | Score pondéré=5583.0]
  [Sol 97 | t=1481ms | Score pondéré=5570.0]
  [Sol 98 | t=2190ms | Score pondéré=5567.0]
  [Sol 99 | t=2422ms | Score pondéré=5564.0]
  [Sol 100 | t=2671ms | Score pondéré=5527.0]
    -> Itération 100 | t=2671ms | meilleur=5564.0
  [Sol 101 | t=2672ms | Score pondéré=5514.0]
  [Sol 102 | t=2830ms | Score pondéré=5511.0]
  [Sol 103 | t=3004ms | Score pondéré=5471.0]
  [Sol 104 | t=3015ms | Score pondéré=5442.0]
  [Sol 105 | t=3129ms | Score pondéré=5311.0]
  [Sol 106 | t=3130ms | Score pondéré=5298.0]
  [Sol 107 | t=3155ms | Score pondéré=5290.0]
  [Sol 108 | t=3156ms | Score pondéré=5155.0]
  [Sol 109 | t=3158ms | Score pondéré=5139.0]
  [Sol 110 | t=3199ms | Score pondéré=5071.0]
  [Sol 111 | t=3200ms | Score pondéré=4991.0]
  [Sol 112 | t=3200ms | Score pondéré=4935.0]
  [Sol 113 | t=3201ms | Score pondéré=4922.0]
  [Sol 114 | t=3254ms | Score pondéré=4901.0]
  [Sol 115 | t=3255ms | Score pondéré=4816.0]
  [Sol 116 | t=3315ms | Score pondéré=4790.0]
  [Sol 117 | t=3316ms | Score pondéré=4774.0]
  [Sol 118 | t=3316ms | Score pondéré=4718.0]
  [Sol 119 | t=3317ms | Score pondéré=4705.0]
  [Sol 120 | t=3392ms | Score pondéré=4700.0]
  [Sol 121 | t=3392ms | Score pondéré=4451.0]
  [Sol 122 | t=3473ms | Score pondéré=4414.0]
  [Sol 123 | t=3627ms | Score pondéré=4398.0]
  [Sol 124 | t=3628ms | Score pondéré=4393.0]
  [Sol 125 | t=3631ms | Score pondéré=4308.0]
  [Sol 126 | t=3632ms | Score pondéré=4236.0]
  [Sol 127 | t=3633ms | Score pondéré=4223.0]
  [Sol 128 | t=3727ms | Score pondéré=4155.0]
  [Sol 129 | t=3729ms | Score pondéré=4075.0]
  [Sol 130 | t=3729ms | Score pondéré=4019.0]
  [Sol 131 | t=3730ms | Score pondéré=4006.0]
  [Sol 132 | t=4793ms | Score pondéré=4003.0]
  [Sol 133 | t=5040ms | Score pondéré=3998.0]
  [Sol 134 | t=5083ms | Score pondéré=3993.0]
  [Sol 135 | t=5126ms | Score pondéré=3951.0]
  [Sol 136 | t=5950ms | Score pondéré=3935.0]
  [Sol 137 | t=6155ms | Score pondéré=3887.0]
  [Sol 138 | t=6282ms | Score pondéré=3845.0]
  [Sol 139 | t=6813ms | Score pondéré=3823.0]
  [Sol 140 | t=7090ms | Score pondéré=3773.0]
  [Sol 141 | t=8296ms | Score pondéré=3770.0]
  [Sol 142 | t=9227ms | Score pondéré=3709.0]
  [Sol 143 | t=9294ms | Score pondéré=3693.0]
  [Sol 144 | t=9297ms | Score pondéré=3677.0]
  [Sol 145 | t=9548ms | Score pondéré=3653.0]
  [Sol 146 | t=11070ms | Score pondéré=3595.0]
  [Sol 147 | t=11085ms | Score pondéré=3589.0]
  [Sol 148 | t=11160ms | Score pondéré=3510.0]
  [Sol 149 | t=12333ms | Score pondéré=3457.0]
  [Sol 150 | t=141509ms | Score pondéré=3441.0]
  [Sol 151 | t=143261ms | Score pondéré=3438.0]
  [Sol 152 | t=148164ms | Score pondéré=3435.0]
  [Sol 153 | t=149157ms | Score pondéré=3428.0]
  [Sol 154 | t=151512ms | Score pondéré=3432.0]
  [Sol 155 | t=153451ms | Score pondéré=3416.0]
  [Sol 156 | t=153524ms | Score pondéré=3374.0]
  [Sol 157 | t=153525ms | Score pondéré=3329.0]
  [Sol 158 | t=153530ms | Score pondéré=3298.0]
  [Sol 159 | t=154298ms | Score pondéré=3225.0]
  -> Solutions=159 Améliorations=158 Score pondéré=3225.0 Temps=180000ms (TIMEOUT_MAX)
  -> Best = 48 , 43 , 45 , 43 , 47 , 45 , 48 , 53 , 52 , 67 , 69 , 71 , 74 , 72 , 69 , 71 , 72 , 74 , 76 , 77 , 72 , 67 , 64 , 69 , 71 , 67
[21:15:43] DONE 3_1-2_1-3 -> TIMEOUT_MAX score=3225.0 nsol=159
[21:15:43] RUN  nv=3 esp='1 2' vt='2,1' (2nd)
2
Cantus firmus -> gamme détectée : Majeur (tonique = C) -> gamme spécifiée : Majeur

=== Génération : cf8 (Do Reference Grave) | 3voices_1_1_2_vtype_2_1 | preset=bryce | obj=pond | timeout=180000ms | stagn=0ms ===
  [Sol 1 | t=11ms | Score pondéré=7471.0]
    -> Itération 1 | t=11ms | meilleur=1000000000000000000.0
  [Sol 2 | t=12ms | Score pondéré=7439.0]
  [Sol 3 | t=13ms | Score pondéré=7311.0]
  [Sol 4 | t=14ms | Score pondéré=7221.0]
  [Sol 5 | t=15ms | Score pondéré=7066.0]
    -> Itération 5 | t=15ms | meilleur=7221.0
  [Sol 6 | t=15ms | Score pondéré=6976.0]
  [Sol 7 | t=17ms | Score pondéré=6970.0]
  [Sol 8 | t=18ms | Score pondéré=6869.0]
  [Sol 9 | t=18ms | Score pondéré=6859.0]
  [Sol 10 | t=19ms | Score pondéré=6758.0]
    -> Itération 10 | t=19ms | meilleur=6859.0
  [Sol 11 | t=22ms | Score pondéré=6720.0]
  [Sol 12 | t=36ms | Score pondéré=6640.0]
  [Sol 13 | t=59ms | Score pondéré=6623.0]
  [Sol 14 | t=89ms | Score pondéré=6576.0]
  [Sol 15 | t=109ms | Score pondéré=6549.0]
  [Sol 16 | t=112ms | Score pondéré=6530.0]
  [Sol 17 | t=113ms | Score pondéré=6334.0]
  [Sol 18 | t=121ms | Score pondéré=6252.0]
  [Sol 19 | t=122ms | Score pondéré=6173.0]
  [Sol 20 | t=123ms | Score pondéré=6141.0]
    -> Itération 20 | t=123ms | meilleur=6173.0
  [Sol 21 | t=205ms | Score pondéré=6125.0]
  [Sol 22 | t=288ms | Score pondéré=6035.0]
  [Sol 23 | t=289ms | Score pondéré=6019.0]
  [Sol 24 | t=346ms | Score pondéré=5977.0]
  [Sol 25 | t=346ms | Score pondéré=5887.0]
  [Sol 26 | t=497ms | Score pondéré=5838.0]
  [Sol 27 | t=497ms | Score pondéré=5806.0]
  [Sol 28 | t=499ms | Score pondéré=5790.0]
  [Sol 29 | t=524ms | Score pondéré=5782.0]
  [Sol 30 | t=553ms | Score pondéré=5729.0]
    -> Itération 30 | t=553ms | meilleur=5782.0
  [Sol 31 | t=556ms | Score pondéré=5713.0]
  [Sol 32 | t=569ms | Score pondéré=5642.0]
  [Sol 33 | t=569ms | Score pondéré=5552.0]
  [Sol 34 | t=570ms | Score pondéré=5520.0]
  [Sol 35 | t=647ms | Score pondéré=5504.0]
  [Sol 36 | t=1327ms | Score pondéré=5504.0]
  [Sol 37 | t=1584ms | Score pondéré=5478.0]
  [Sol 38 | t=1585ms | Score pondéré=5446.0]
  [Sol 39 | t=1629ms | Score pondéré=5421.0]
  [Sol 40 | t=1637ms | Score pondéré=5228.0]
    -> Itération 40 | t=1637ms | meilleur=5421.0
  [Sol 41 | t=1693ms | Score pondéré=5212.0]
  [Sol 42 | t=4013ms | Score pondéré=5179.0]
  [Sol 43 | t=4014ms | Score pondéré=5147.0]
  [Sol 44 | t=4140ms | Score pondéré=5131.0]
  [Sol 45 | t=4457ms | Score pondéré=5120.0]
  [Sol 46 | t=4458ms | Score pondéré=5088.0]
  [Sol 47 | t=4459ms | Score pondéré=4977.0]
  [Sol 48 | t=4459ms | Score pondéré=4887.0]
  [Sol 49 | t=4460ms | Score pondéré=4855.0]
  [Sol 50 | t=4461ms | Score pondéré=4839.0]
    -> Itération 50 | t=4461ms | meilleur=4855.0
  [Sol 51 | t=8129ms | Score pondéré=4772.0]
  [Sol 52 | t=8130ms | Score pondéré=4740.0]
  [Sol 53 | t=13771ms | Score pondéré=4730.0]
  [Sol 54 | t=14244ms | Score pondéré=4645.0]
  [Sol 55 | t=14303ms | Score pondéré=4480.0]
  [Sol 56 | t=14303ms | Score pondéré=4390.0]
  [Sol 57 | t=38800ms | Score pondéré=4273.0]
  [Sol 58 | t=64034ms | Score pondéré=4268.0]
  [Sol 59 | t=71225ms | Score pondéré=4180.0]
  [Sol 60 | t=71225ms | Score pondéré=4090.0]
  -> Solutions=60 Améliorations=59 Score pondéré=4090.0 Temps=180000ms (TIMEOUT_MAX)
  -> Best = 55 , 59 , 57 , 60 , 64 , 65 , 60 , 59 , 55 , 52 , 48 , 43 , 47 , 45 , 50 , 45 , 47 , 48 , 43 , 45 , 50 , 45 , 48 , 43 , 47 , 52
[21:18:43] DONE 3_1-2_2-1 -> TIMEOUT_MAX score=4090.0 nsol=60
[21:18:43] RUN  nv=3 esp='1 2' vt='2,2' (2nd)
2
Cantus firmus -> gamme détectée : Majeur (tonique = C) -> gamme spécifiée : Majeur

=== Génération : cf8 (Do Reference Grave) | 3voices_1_1_2_vtype_2_2 | preset=bryce | obj=pond | timeout=180000ms | stagn=0ms ===
  [Sol 1 | t=18ms | Score pondéré=12308.0]
    -> Itération 1 | t=18ms | meilleur=1000000000000000000.0
  [Sol 2 | t=19ms | Score pondéré=12165.0]
  [Sol 3 | t=24ms | Score pondéré=11075.0]
  [Sol 4 | t=24ms | Score pondéré=11048.0]
  [Sol 5 | t=24ms | Score pondéré=11040.0]
    -> Itération 5 | t=24ms | meilleur=11048.0
  [Sol 6 | t=25ms | Score pondéré=10966.0]
  [Sol 7 | t=26ms | Score pondéré=10921.0]
  [Sol 8 | t=26ms | Score pondéré=10905.0]
  [Sol 9 | t=27ms | Score pondéré=10635.0]
  [Sol 10 | t=42ms | Score pondéré=10339.0]
    -> Itération 10 | t=42ms | meilleur=10635.0
  [Sol 11 | t=75ms | Score pondéré=10315.0]
  [Sol 12 | t=76ms | Score pondéré=10299.0]
  [Sol 13 | t=83ms | Score pondéré=10246.0]
  [Sol 14 | t=84ms | Score pondéré=10230.0]
  [Sol 15 | t=163ms | Score pondéré=10164.0]
  [Sol 16 | t=173ms | Score pondéré=10095.0]
  [Sol 17 | t=654ms | Score pondéré=10025.0]
  [Sol 18 | t=654ms | Score pondéré=9922.0]
  [Sol 19 | t=665ms | Score pondéré=9880.0]
  [Sol 20 | t=691ms | Score pondéré=9840.0]
    -> Itération 20 | t=691ms | meilleur=9880.0
  [Sol 21 | t=706ms | Score pondéré=9771.0]
  [Sol 22 | t=837ms | Score pondéré=9713.0]
  [Sol 23 | t=1691ms | Score pondéré=9692.0]
  [Sol 24 | t=1693ms | Score pondéré=9646.0]
  [Sol 25 | t=1694ms | Score pondéré=9617.0]
  [Sol 26 | t=1694ms | Score pondéré=9561.0]
  [Sol 27 | t=1695ms | Score pondéré=9545.0]
  [Sol 28 | t=1695ms | Score pondéré=9357.0]
  [Sol 29 | t=1695ms | Score pondéré=9320.0]
  [Sol 30 | t=1701ms | Score pondéré=9315.0]
    -> Itération 30 | t=1701ms | meilleur=9320.0
  [Sol 31 | t=1705ms | Score pondéré=9294.0]
  [Sol 32 | t=1712ms | Score pondéré=9246.0]
  [Sol 33 | t=1713ms | Score pondéré=9100.0]
  [Sol 34 | t=1714ms | Score pondéré=9066.0]
  [Sol 35 | t=1740ms | Score pondéré=9021.0]
  [Sol 36 | t=1741ms | Score pondéré=9018.0]
  [Sol 37 | t=1742ms | Score pondéré=8984.0]
  [Sol 38 | t=1753ms | Score pondéré=8949.0]
  [Sol 39 | t=1754ms | Score pondéré=8915.0]
  [Sol 40 | t=1791ms | Score pondéré=8631.0]
    -> Itération 40 | t=1791ms | meilleur=8915.0
  [Sol 41 | t=1800ms | Score pondéré=8591.0]
  [Sol 42 | t=1811ms | Score pondéré=8522.0]
  [Sol 43 | t=1963ms | Score pondéré=8361.0]
  [Sol 44 | t=2905ms | Score pondéré=8337.0]
  [Sol 45 | t=2916ms | Score pondéré=8255.0]
  [Sol 46 | t=2917ms | Score pondéré=8194.0]
  [Sol 47 | t=2919ms | Score pondéré=8173.0]
  [Sol 48 | t=2925ms | Score pondéré=8109.0]
  [Sol 49 | t=2940ms | Score pondéré=8078.0]
  [Sol 50 | t=2941ms | Score pondéré=8017.0]
    -> Itération 50 | t=2941ms | meilleur=8078.0
  [Sol 51 | t=2960ms | Score pondéré=8014.0]
  [Sol 52 | t=2981ms | Score pondéré=7908.0]
  [Sol 53 | t=13174ms | Score pondéré=7889.0]
  [Sol 54 | t=13183ms | Score pondéré=7881.0]
  [Sol 55 | t=13183ms | Score pondéré=7820.0]
  [Sol 56 | t=44248ms | Score pondéré=7691.0]
  [Sol 57 | t=44250ms | Score pondéré=7612.0]
  [Sol 58 | t=44251ms | Score pondéré=7556.0]
  [Sol 59 | t=44251ms | Score pondéré=7506.0]
  [Sol 60 | t=44251ms | Score pondéré=7437.0]
  [Sol 61 | t=44279ms | Score pondéré=7403.0]
  [Sol 62 | t=44279ms | Score pondéré=7334.0]
  [Sol 63 | t=44287ms | Score pondéré=7265.0]
  [Sol 64 | t=44374ms | Score pondéré=7201.0]
  [Sol 65 | t=44394ms | Score pondéré=7159.0]
  [Sol 66 | t=44405ms | Score pondéré=7119.0]
  [Sol 67 | t=44406ms | Score pondéré=7050.0]
  [Sol 68 | t=44615ms | Score pondéré=7050.0]
  [Sol 69 | t=44625ms | Score pondéré=6981.0]
  [Sol 70 | t=44807ms | Score pondéré=6922.0]
  [Sol 71 | t=44808ms | Score pondéré=6826.0]
  [Sol 72 | t=44809ms | Score pondéré=6810.0]
  [Sol 73 | t=44810ms | Score pondéré=6765.0]
  [Sol 74 | t=44810ms | Score pondéré=6688.0]
  [Sol 75 | t=44811ms | Score pondéré=6558.0]
  [Sol 76 | t=44812ms | Score pondéré=6529.0]
  [Sol 77 | t=44812ms | Score pondéré=6468.0]
  [Sol 78 | t=44815ms | Score pondéré=6373.0]
  [Sol 79 | t=44816ms | Score pondéré=6296.0]
  [Sol 80 | t=44817ms | Score pondéré=6272.0]
  [Sol 81 | t=44817ms | Score pondéré=6166.0]
  [Sol 82 | t=44818ms | Score pondéré=6076.0]
  [Sol 83 | t=44818ms | Score pondéré=5822.0]
  [Sol 84 | t=44974ms | Score pondéré=5775.0]
  [Sol 85 | t=44998ms | Score pondéré=5761.0]
  [Sol 86 | t=45027ms | Score pondéré=5727.0]
  [Sol 87 | t=45033ms | Score pondéré=5658.0]
  [Sol 88 | t=45129ms | Score pondéré=5607.0]
  [Sol 89 | t=45167ms | Score pondéré=5552.0]
  [Sol 90 | t=45186ms | Score pondéré=5446.0]
  [Sol 91 | t=45272ms | Score pondéré=5359.0]
  [Sol 92 | t=45748ms | Score pondéré=5342.0]
  [Sol 93 | t=45754ms | Score pondéré=5321.0]
  [Sol 94 | t=45766ms | Score pondéré=5276.0]
  [Sol 95 | t=45784ms | Score pondéré=5239.0]
  [Sol 96 | t=45787ms | Score pondéré=5170.0]
  [Sol 97 | t=47159ms | Score pondéré=5125.0]
  [Sol 98 | t=47188ms | Score pondéré=5077.0]
  [Sol 99 | t=47200ms | Score pondéré=5061.0]
  [Sol 100 | t=47201ms | Score pondéré=5011.0]
    -> Itération 100 | t=47201ms | meilleur=5061.0
  [Sol 101 | t=47202ms | Score pondéré=4926.0]
  [Sol 102 | t=47273ms | Score pondéré=4923.0]
  [Sol 103 | t=47382ms | Score pondéré=4894.0]
  [Sol 104 | t=47413ms | Score pondéré=4839.0]
  [Sol 105 | t=47414ms | Score pondéré=4749.0]
  [Sol 106 | t=47427ms | Score pondéré=4709.0]
  [Sol 107 | t=47433ms | Score pondéré=4640.0]
  [Sol 108 | t=48160ms | Score pondéré=4611.0]
  [Sol 109 | t=49669ms | Score pondéré=4604.0]
  [Sol 110 | t=49899ms | Score pondéré=4591.0]
  [Sol 111 | t=49902ms | Score pondéré=4488.0]
  [Sol 112 | t=49902ms | Score pondéré=4427.0]
  [Sol 113 | t=50769ms | Score pondéré=4409.0]
  [Sol 114 | t=70562ms | Score pondéré=4326.0]
  [Sol 115 | t=73337ms | Score pondéré=4300.0]
  [Sol 116 | t=73340ms | Score pondéré=4292.0]
  [Sol 117 | t=73341ms | Score pondéré=4231.0]
  [Sol 118 | t=74276ms | Score pondéré=4202.0]
  [Sol 119 | t=93017ms | Score pondéré=4146.0]
  [Sol 120 | t=94829ms | Score pondéré=4117.0]
  [Sol 121 | t=94835ms | Score pondéré=4093.0]
  [Sol 122 | t=123568ms | Score pondéré=4087.0]
  [Sol 123 | t=124544ms | Score pondéré=4079.0]
  [Sol 124 | t=124549ms | Score pondéré=4055.0]
  [Sol 125 | t=124564ms | Score pondéré=4039.0]
  [Sol 126 | t=166031ms | Score pondéré=4001.0]
  [Sol 127 | t=166032ms | Score pondéré=3972.0]
  [Sol 128 | t=166032ms | Score pondéré=3911.0]
  [Sol 129 | t=166054ms | Score pondéré=3768.0]
  -> Solutions=129 Améliorations=128 Score pondéré=3768.0 Temps=180000ms (TIMEOUT_MAX)
  -> Best = 60 , 57 , 50 , 48 , 52 , 57 , 55 , 53 , 52 , 57 , 52 , 53 , 55 , 57 , 53 , 57 , 52 , 48 , 52 , 50 , 53 , 48 , 52 , 57 , 59 , 55
[21:21:43] DONE 3_1-2_2-2 -> TIMEOUT_MAX score=3768.0 nsol=129
[21:21:43] RUN  nv=3 esp='1 2' vt='2,3' (2nd)
2
Cantus firmus -> gamme détectée : Majeur (tonique = C) -> gamme spécifiée : Majeur

=== Génération : cf8 (Do Reference Grave) | 3voices_1_1_2_vtype_2_3 | preset=bryce | obj=pond | timeout=180000ms | stagn=0ms ===
  [Sol 1 | t=17ms | Score pondéré=10944.0]
    -> Itération 1 | t=17ms | meilleur=1000000000000000000.0
  [Sol 2 | t=18ms | Score pondéré=10806.0]
  [Sol 3 | t=18ms | Score pondéré=10777.0]
  [Sol 4 | t=19ms | Score pondéré=10708.0]
  [Sol 5 | t=20ms | Score pondéré=10487.0]
    -> Itération 5 | t=20ms | meilleur=10708.0
  [Sol 6 | t=20ms | Score pondéré=10188.0]
  [Sol 7 | t=21ms | Score pondéré=10119.0]
  [Sol 8 | t=23ms | Score pondéré=10039.0]
  [Sol 9 | t=25ms | Score pondéré=9931.0]
  [Sol 10 | t=26ms | Score pondéré=9862.0]
    -> Itération 10 | t=26ms | meilleur=9931.0
  [Sol 11 | t=28ms | Score pondéré=9719.0]
  [Sol 12 | t=28ms | Score pondéré=9589.0]
  [Sol 13 | t=33ms | Score pondéré=9230.0]
  [Sol 14 | t=33ms | Score pondéré=9206.0]
  [Sol 15 | t=34ms | Score pondéré=9100.0]
  [Sol 16 | t=36ms | Score pondéré=9060.0]
  [Sol 17 | t=37ms | Score pondéré=9057.0]
  [Sol 18 | t=37ms | Score pondéré=8954.0]
  [Sol 19 | t=40ms | Score pondéré=8904.0]
  [Sol 20 | t=52ms | Score pondéré=8808.0]
    -> Itération 20 | t=52ms | meilleur=8904.0
  [Sol 21 | t=58ms | Score pondéré=8726.0]
  [Sol 22 | t=59ms | Score pondéré=8404.0]
  [Sol 23 | t=61ms | Score pondéré=8327.0]
  [Sol 24 | t=61ms | Score pondéré=8250.0]
  [Sol 25 | t=62ms | Score pondéré=8194.0]
  [Sol 26 | t=63ms | Score pondéré=8173.0]
  [Sol 27 | t=63ms | Score pondéré=8157.0]
  [Sol 28 | t=64ms | Score pondéré=8107.0]
  [Sol 29 | t=66ms | Score pondéré=8096.0]
  [Sol 30 | t=66ms | Score pondéré=8040.0]
    -> Itération 30 | t=66ms | meilleur=8096.0
  [Sol 31 | t=97ms | Score pondéré=7927.0]
  [Sol 32 | t=100ms | Score pondéré=7917.0]
  [Sol 33 | t=108ms | Score pondéré=7901.0]
  [Sol 34 | t=111ms | Score pondéré=7824.0]
  [Sol 35 | t=115ms | Score pondéré=7725.0]
  [Sol 36 | t=119ms | Score pondéré=7696.0]
  [Sol 37 | t=124ms | Score pondéré=7662.0]
  [Sol 38 | t=142ms | Score pondéré=7572.0]
  [Sol 39 | t=147ms | Score pondéré=7562.0]
  [Sol 40 | t=250ms | Score pondéré=7379.0]
    -> Itération 40 | t=250ms | meilleur=7562.0
  [Sol 41 | t=251ms | Score pondéré=7236.0]
  [Sol 42 | t=252ms | Score pondéré=7138.0]
  [Sol 43 | t=258ms | Score pondéré=7042.0]
  [Sol 44 | t=295ms | Score pondéré=7005.0]
  [Sol 45 | t=300ms | Score pondéré=6971.0]
  [Sol 46 | t=311ms | Score pondéré=6883.0]
  [Sol 47 | t=336ms | Score pondéré=6854.0]
  [Sol 48 | t=341ms | Score pondéré=6831.0]
  [Sol 49 | t=342ms | Score pondéré=6788.0]
  [Sol 50 | t=364ms | Score pondéré=6723.0]
    -> Itération 50 | t=364ms | meilleur=6788.0
  [Sol 51 | t=365ms | Score pondéré=6715.0]
  [Sol 52 | t=365ms | Score pondéré=6633.0]
  [Sol 53 | t=367ms | Score pondéré=6604.0]
  [Sol 54 | t=369ms | Score pondéré=6535.0]
  [Sol 55 | t=372ms | Score pondéré=6537.0]
  [Sol 56 | t=376ms | Score pondéré=6537.0]
  [Sol 57 | t=378ms | Score pondéré=6431.0]
  [Sol 58 | t=398ms | Score pondéré=6428.0]
  [Sol 59 | t=437ms | Score pondéré=6406.0]
  [Sol 60 | t=439ms | Score pondéré=6377.0]
  [Sol 61 | t=446ms | Score pondéré=6343.0]
  [Sol 62 | t=447ms | Score pondéré=6287.0]
  [Sol 63 | t=462ms | Score pondéré=6287.0]
  [Sol 64 | t=492ms | Score pondéré=6264.0]
  [Sol 65 | t=503ms | Score pondéré=6159.0]
  [Sol 66 | t=506ms | Score pondéré=6161.0]
  [Sol 67 | t=508ms | Score pondéré=6122.0]
  [Sol 68 | t=509ms | Score pondéré=6098.0]
  [Sol 69 | t=510ms | Score pondéré=6055.0]
  [Sol 70 | t=650ms | Score pondéré=6037.0]
  [Sol 71 | t=665ms | Score pondéré=5944.0]
  [Sol 72 | t=702ms | Score pondéré=5912.0]
  [Sol 73 | t=707ms | Score pondéré=5899.0]
  [Sol 74 | t=709ms | Score pondéré=5857.0]
  [Sol 75 | t=714ms | Score pondéré=5788.0]
  [Sol 76 | t=714ms | Score pondéré=5690.0]
  [Sol 77 | t=968ms | Score pondéré=5619.0]
  [Sol 78 | t=992ms | Score pondéré=5482.0]
  [Sol 79 | t=993ms | Score pondéré=5477.0]
  [Sol 80 | t=993ms | Score pondéré=5453.0]
  [Sol 81 | t=994ms | Score pondéré=5410.0]
  [Sol 82 | t=1414ms | Score pondéré=5302.0]
  [Sol 83 | t=1565ms | Score pondéré=5297.0]
  [Sol 84 | t=1568ms | Score pondéré=5247.0]
  [Sol 85 | t=1636ms | Score pondéré=5240.0]
  [Sol 86 | t=1638ms | Score pondéré=5230.0]
  [Sol 87 | t=1639ms | Score pondéré=5217.0]
  [Sol 88 | t=1640ms | Score pondéré=5174.0]
  [Sol 89 | t=1863ms | Score pondéré=5124.0]
  [Sol 90 | t=1887ms | Score pondéré=5074.0]
  [Sol 91 | t=2033ms | Score pondéré=5055.0]
  [Sol 92 | t=2035ms | Score pondéré=5055.0]
  [Sol 93 | t=2131ms | Score pondéré=5042.0]
  [Sol 94 | t=2607ms | Score pondéré=5041.0]
  [Sol 95 | t=2613ms | Score pondéré=4991.0]
  [Sol 96 | t=2617ms | Score pondéré=4925.0]
  [Sol 97 | t=2777ms | Score pondéré=4871.0]
  [Sol 98 | t=2781ms | Score pondéré=4873.0]
  [Sol 99 | t=2783ms | Score pondéré=4870.0]
  [Sol 100 | t=2784ms | Score pondéré=4865.0]
    -> Itération 100 | t=2784ms | meilleur=4870.0
  [Sol 101 | t=2784ms | Score pondéré=4767.0]
  [Sol 102 | t=3194ms | Score pondéré=4717.0]
  [Sol 103 | t=3241ms | Score pondéré=4678.0]
  [Sol 104 | t=3245ms | Score pondéré=4622.0]
  [Sol 105 | t=3453ms | Score pondéré=4583.0]
  [Sol 106 | t=3485ms | Score pondéré=4576.0]
  [Sol 107 | t=3488ms | Score pondéré=4553.0]
  [Sol 108 | t=3489ms | Score pondéré=4510.0]
  [Sol 109 | t=4654ms | Score pondéré=4442.0]
  [Sol 110 | t=4796ms | Score pondéré=4347.0]
  [Sol 111 | t=6689ms | Score pondéré=4299.0]
  [Sol 112 | t=8642ms | Score pondéré=4294.0]
  [Sol 113 | t=8642ms | Score pondéré=4286.0]
  [Sol 114 | t=8646ms | Score pondéré=4257.0]
  [Sol 115 | t=8646ms | Score pondéré=4201.0]
  [Sol 116 | t=8662ms | Score pondéré=4175.0]
  [Sol 117 | t=8665ms | Score pondéré=4175.0]
  [Sol 118 | t=10786ms | Score pondéré=4111.0]
  [Sol 119 | t=10787ms | Score pondéré=4106.0]
  [Sol 120 | t=10788ms | Score pondéré=4008.0]
  [Sol 121 | t=32917ms | Score pondéré=3965.0]
  [Sol 122 | t=32917ms | Score pondéré=3938.0]
  [Sol 123 | t=32932ms | Score pondéré=3938.0]
  [Sol 124 | t=43443ms | Score pondéré=3928.0]
  [Sol 125 | t=43444ms | Score pondéré=3867.0]
  [Sol 126 | t=43445ms | Score pondéré=3825.0]
  [Sol 127 | t=43447ms | Score pondéré=3801.0]
  [Sol 128 | t=43448ms | Score pondéré=3700.0]
  [Sol 129 | t=43458ms | Score pondéré=3684.0]
  [Sol 130 | t=43460ms | Score pondéré=3686.0]
  [Sol 131 | t=61868ms | Score pondéré=3665.0]
  [Sol 132 | t=62094ms | Score pondéré=3642.0]
  [Sol 133 | t=62097ms | Score pondéré=3644.0]
  [Sol 134 | t=62099ms | Score pondéré=3610.0]
  [Sol 135 | t=62103ms | Score pondéré=3596.0]
  [Sol 136 | t=62113ms | Score pondéré=3596.0]
  [Sol 137 | t=139359ms | Score pondéré=3556.0]
  [Sol 138 | t=142902ms | Score pondéré=3531.0]
  [Sol 139 | t=142904ms | Score pondéré=3470.0]
  [Sol 140 | t=142905ms | Score pondéré=3427.0]
  [Sol 141 | t=149600ms | Score pondéré=3424.0]
  [Sol 142 | t=149810ms | Score pondéré=3369.0]
  [Sol 143 | t=149818ms | Score pondéré=3355.0]
  -> Solutions=143 Améliorations=132 Score pondéré=3355.0 Temps=180000ms (TIMEOUT_MAX)
  -> Best = 55 , 53 , 50 , 48 , 48 , 50 , 48 , 53 , 52 , 72 , 71 , 69 , 67 , 65 , 62 , 57 , 59 , 60 , 64 , 65 , 69 , 67 , 64 , 69 , 71 , 67
[21:24:43] DONE 3_1-2_2-3 -> TIMEOUT_MAX score=3355.0 nsol=143
[21:24:43] RUN  nv=3 esp='1 2' vt='3,1' (2nd)
2
Cantus firmus -> gamme détectée : Majeur (tonique = C) -> gamme spécifiée : Majeur

=== Génération : cf8 (Do Reference Grave) | 3voices_1_1_2_vtype_3_1 | preset=bryce | obj=pond | timeout=180000ms | stagn=0ms ===
  [Sol 1 | t=11ms | Score pondéré=12212.0]
    -> Itération 1 | t=11ms | meilleur=1000000000000000000.0
  [Sol 2 | t=15ms | Score pondéré=12195.0]
  [Sol 3 | t=16ms | Score pondéré=12105.0]
  [Sol 4 | t=18ms | Score pondéré=12068.0]
  [Sol 5 | t=19ms | Score pondéré=11994.0]
    -> Itération 5 | t=19ms | meilleur=12068.0
  [Sol 6 | t=97ms | Score pondéré=9045.0]
  [Sol 7 | t=98ms | Score pondéré=9014.0]
  [Sol 8 | t=99ms | Score pondéré=8886.0]
  [Sol 9 | t=99ms | Score pondéré=8796.0]
  [Sol 10 | t=101ms | Score pondéré=8638.0]
    -> Itération 10 | t=101ms | meilleur=8796.0
  [Sol 11 | t=101ms | Score pondéré=8548.0]
  [Sol 12 | t=104ms | Score pondéré=8423.0]
  [Sol 13 | t=105ms | Score pondéré=8333.0]
  [Sol 14 | t=147ms | Score pondéré=8313.0]
  [Sol 15 | t=151ms | Score pondéré=8317.0]
  [Sol 16 | t=151ms | Score pondéré=8280.0]
  [Sol 17 | t=152ms | Score pondéré=8206.0]
  [Sol 18 | t=156ms | Score pondéré=8065.0]
  [Sol 19 | t=157ms | Score pondéré=7991.0]
  [Sol 20 | t=200ms | Score pondéré=7088.0]
    -> Itération 20 | t=200ms | meilleur=7991.0
  [Sol 21 | t=200ms | Score pondéré=6998.0]
  [Sol 22 | t=202ms | Score pondéré=6967.0]
  [Sol 23 | t=202ms | Score pondéré=6950.0]
  [Sol 24 | t=203ms | Score pondéré=6860.0]
  [Sol 25 | t=204ms | Score pondéré=6781.0]
  [Sol 26 | t=204ms | Score pondéré=6749.0]
  [Sol 27 | t=207ms | Score pondéré=6751.0]
  [Sol 28 | t=209ms | Score pondéré=6640.0]
  [Sol 29 | t=217ms | Score pondéré=6623.0]
  [Sol 30 | t=261ms | Score pondéré=6443.0]
    -> Itération 30 | t=261ms | meilleur=6623.0
  [Sol 31 | t=262ms | Score pondéré=6411.0]
  [Sol 32 | t=333ms | Score pondéré=6390.0]
  [Sol 33 | t=339ms | Score pondéré=6281.0]
  [Sol 34 | t=351ms | Score pondéré=6157.0]
  [Sol 35 | t=352ms | Score pondéré=6125.0]
  [Sol 36 | t=727ms | Score pondéré=5939.0]
  [Sol 37 | t=792ms | Score pondéré=5796.0]
  [Sol 38 | t=1232ms | Score pondéré=5695.0]
  [Sol 39 | t=1298ms | Score pondéré=5674.0]
  [Sol 40 | t=1597ms | Score pondéré=5676.0]
    -> Itération 40 | t=1597ms | meilleur=5674.0
  [Sol 41 | t=1600ms | Score pondéré=5660.0]
  [Sol 42 | t=1627ms | Score pondéré=5626.0]
  [Sol 43 | t=1628ms | Score pondéré=5536.0]
  [Sol 44 | t=1629ms | Score pondéré=5504.0]
  [Sol 45 | t=2005ms | Score pondéré=5327.0]
  [Sol 46 | t=2007ms | Score pondéré=5311.0]
  [Sol 47 | t=3250ms | Score pondéré=5244.0]
  [Sol 48 | t=3251ms | Score pondéré=5212.0]
  [Sol 49 | t=5263ms | Score pondéré=5154.0]
  [Sol 50 | t=5264ms | Score pondéré=5122.0]
    -> Itération 50 | t=5264ms | meilleur=5154.0
  [Sol 51 | t=5302ms | Score pondéré=5064.0]
  [Sol 52 | t=5303ms | Score pondéré=5032.0]
  [Sol 53 | t=5700ms | Score pondéré=5022.0]
  [Sol 54 | t=5701ms | Score pondéré=4990.0]
  [Sol 55 | t=5805ms | Score pondéré=4974.0]
  [Sol 56 | t=5962ms | Score pondéré=4968.0]
  [Sol 57 | t=5963ms | Score pondéré=4878.0]
  [Sol 58 | t=5963ms | Score pondéré=4788.0]
  [Sol 59 | t=5964ms | Score pondéré=4756.0]
  [Sol 60 | t=6043ms | Score pondéré=4740.0]
  [Sol 61 | t=31053ms | Score pondéré=4716.0]
  [Sol 62 | t=31084ms | Score pondéré=4639.0]
  [Sol 63 | t=31273ms | Score pondéré=4613.0]
  [Sol 64 | t=31273ms | Score pondéré=4523.0]
  [Sol 65 | t=51604ms | Score pondéré=4507.0]
  [Sol 66 | t=56073ms | Score pondéré=4480.0]
  [Sol 67 | t=56074ms | Score pondéré=4390.0]
  [Sol 68 | t=76665ms | Score pondéré=4377.0]
  [Sol 69 | t=84393ms | Score pondéré=4334.0]
  [Sol 70 | t=84558ms | Score pondéré=4273.0]
  [Sol 71 | t=96970ms | Score pondéré=4268.0]
  [Sol 72 | t=100882ms | Score pondéré=4210.0]
  [Sol 73 | t=100891ms | Score pondéré=4194.0]
  [Sol 74 | t=117133ms | Score pondéré=4164.0]
  [Sol 75 | t=117134ms | Score pondéré=4090.0]
  -> Solutions=75 Améliorations=72 Score pondéré=4090.0 Temps=180000ms (TIMEOUT_MAX)
  -> Best = 67 , 71 , 69 , 72 , 76 , 77 , 72 , 71 , 67 , 52 , 48 , 43 , 47 , 45 , 50 , 45 , 47 , 48 , 43 , 45 , 50 , 45 , 48 , 43 , 47 , 52
[21:27:43] DONE 3_1-2_3-1 -> TIMEOUT_MAX score=4090.0 nsol=75
[21:27:43] RUN  nv=3 esp='1 2' vt='3,2' (2nd)
2
Cantus firmus -> gamme détectée : Majeur (tonique = C) -> gamme spécifiée : Majeur

=== Génération : cf8 (Do Reference Grave) | 3voices_1_1_2_vtype_3_2 | preset=bryce | obj=pond | timeout=180000ms | stagn=0ms ===
  [Sol 1 | t=13ms | Score pondéré=16654.0]
    -> Itération 1 | t=13ms | meilleur=1000000000000000000.0
  [Sol 2 | t=13ms | Score pondéré=16357.0]
  [Sol 3 | t=15ms | Score pondéré=14724.0]
  [Sol 4 | t=15ms | Score pondéré=14589.0]
  [Sol 5 | t=17ms | Score pondéré=13290.0]
    -> Itération 5 | t=17ms | meilleur=14589.0
  [Sol 6 | t=17ms | Score pondéré=13014.0]
  [Sol 7 | t=18ms | Score pondéré=12887.0]
  [Sol 8 | t=19ms | Score pondéré=12783.0]
  [Sol 9 | t=21ms | Score pondéré=12738.0]
  [Sol 10 | t=24ms | Score pondéré=12722.0]
    -> Itération 10 | t=24ms | meilleur=12738.0
  [Sol 11 | t=25ms | Score pondéré=12702.0]
  [Sol 12 | t=25ms | Score pondéré=12627.0]
  [Sol 13 | t=26ms | Score pondéré=12617.0]
  [Sol 14 | t=27ms | Score pondéré=12513.0]
  [Sol 15 | t=28ms | Score pondéré=9782.0]
  [Sol 16 | t=29ms | Score pondéré=9700.0]
  [Sol 17 | t=30ms | Score pondéré=9639.0]
  [Sol 18 | t=31ms | Score pondéré=9602.0]
  [Sol 19 | t=32ms | Score pondéré=9588.0]
  [Sol 20 | t=34ms | Score pondéré=9467.0]
    -> Itération 20 | t=34ms | meilleur=9588.0
  [Sol 21 | t=34ms | Score pondéré=9363.0]
  [Sol 22 | t=37ms | Score pondéré=9318.0]
  [Sol 23 | t=38ms | Score pondéré=9273.0]
  [Sol 24 | t=40ms | Score pondéré=9154.0]
  [Sol 25 | t=41ms | Score pondéré=9109.0]
  [Sol 26 | t=44ms | Score pondéré=7884.0]
  [Sol 27 | t=44ms | Score pondéré=7841.0]
  [Sol 28 | t=45ms | Score pondéré=7584.0]
  [Sol 29 | t=47ms | Score pondéré=7555.0]
  [Sol 30 | t=49ms | Score pondéré=7375.0]
    -> Itération 30 | t=49ms | meilleur=7555.0
  [Sol 31 | t=51ms | Score pondéré=7330.0]
  [Sol 32 | t=68ms | Score pondéré=7288.0]
  [Sol 33 | t=73ms | Score pondéré=7169.0]
  [Sol 34 | t=73ms | Score pondéré=7124.0]
  [Sol 35 | t=79ms | Score pondéré=7097.0]
  [Sol 36 | t=90ms | Score pondéré=7039.0]
  [Sol 37 | t=91ms | Score pondéré=6994.0]
  [Sol 38 | t=96ms | Score pondéré=6970.0]
  [Sol 39 | t=96ms | Score pondéré=6925.0]
  [Sol 40 | t=347ms | Score pondéré=6896.0]
    -> Itération 40 | t=347ms | meilleur=6925.0
  [Sol 41 | t=417ms | Score pondéré=6843.0]
  [Sol 42 | t=423ms | Score pondéré=6806.0]
  [Sol 43 | t=425ms | Score pondéré=6642.0]
  [Sol 44 | t=702ms | Score pondéré=6631.0]
  [Sol 45 | t=1891ms | Score pondéré=6609.0]
  [Sol 46 | t=2516ms | Score pondéré=6509.0]
  [Sol 47 | t=2521ms | Score pondéré=6440.0]
  [Sol 48 | t=4605ms | Score pondéré=6429.0]
  [Sol 49 | t=53487ms | Score pondéré=6254.0]
  [Sol 50 | t=53516ms | Score pondéré=6182.0]
    -> Itération 50 | t=53516ms | meilleur=6254.0
  [Sol 51 | t=53517ms | Score pondéré=6145.0]
  [Sol 52 | t=53527ms | Score pondéré=6025.0]
  [Sol 53 | t=53527ms | Score pondéré=5964.0]
  [Sol 54 | t=53531ms | Score pondéré=5943.0]
  [Sol 55 | t=53533ms | Score pondéré=5879.0]
  [Sol 56 | t=53537ms | Score pondéré=5850.0]
  [Sol 57 | t=53548ms | Score pondéré=5784.0]
  [Sol 58 | t=53559ms | Score pondéré=5678.0]
  [Sol 59 | t=54106ms | Score pondéré=5659.0]
  [Sol 60 | t=54133ms | Score pondéré=5622.0]
  [Sol 61 | t=54135ms | Score pondéré=5553.0]
  [Sol 62 | t=54336ms | Score pondéré=5542.0]
  [Sol 63 | t=54437ms | Score pondéré=5510.0]
  [Sol 64 | t=54449ms | Score pondéré=5465.0]
  [Sol 65 | t=54468ms | Score pondéré=5359.0]
  [Sol 66 | t=54825ms | Score pondéré=5325.0]
  [Sol 67 | t=54836ms | Score pondéré=5288.0]
  [Sol 68 | t=54839ms | Score pondéré=5219.0]
  [Sol 69 | t=56024ms | Score pondéré=5210.0]
  [Sol 70 | t=56929ms | Score pondéré=5170.0]
  [Sol 71 | t=60621ms | Score pondéré=5107.0]
  [Sol 72 | t=60640ms | Score pondéré=5104.0]
  [Sol 73 | t=60655ms | Score pondéré=5067.0]
  [Sol 74 | t=60659ms | Score pondéré=5051.0]
  [Sol 75 | t=60662ms | Score pondéré=5048.0]
  [Sol 76 | t=60663ms | Score pondéré=4998.0]
  [Sol 77 | t=60762ms | Score pondéré=4931.0]
  [Sol 78 | t=60765ms | Score pondéré=4862.0]
  [Sol 79 | t=61450ms | Score pondéré=4801.0]
  [Sol 80 | t=62254ms | Score pondéré=4755.0]
  [Sol 81 | t=62308ms | Score pondéré=4713.0]
  [Sol 82 | t=63127ms | Score pondéré=4695.0]
  [Sol 83 | t=63137ms | Score pondéré=4650.0]
  [Sol 84 | t=63151ms | Score pondéré=4613.0]
  [Sol 85 | t=63153ms | Score pondéré=4544.0]
  [Sol 86 | t=65943ms | Score pondéré=4533.0]
  [Sol 87 | t=65952ms | Score pondéré=4496.0]
  [Sol 88 | t=65959ms | Score pondéré=4488.0]
  [Sol 89 | t=65960ms | Score pondéré=4427.0]
  [Sol 90 | t=112287ms | Score pondéré=4422.0]
  [Sol 91 | t=113353ms | Score pondéré=4395.0]
  [Sol 92 | t=113358ms | Score pondéré=4326.0]
  [Sol 93 | t=114524ms | Score pondéré=4300.0]
  [Sol 94 | t=114529ms | Score pondéré=4292.0]
  [Sol 95 | t=114530ms | Score pondéré=4231.0]
  -> Solutions=95 Améliorations=95 Score pondéré=4231.0 Temps=180000ms (TIMEOUT_MAX)
  -> Best = 60 , 62 , 65 , 67 , 64 , 69 , 67 , 65 , 64 , 57 , 55 , 53 , 52 , 50 , 53 , 48 , 52 , 48 , 52 , 50 , 53 , 48 , 52 , 57 , 53 , 55
[21:30:43] DONE 3_1-2_3-2 -> TIMEOUT_MAX score=4231.0 nsol=95
[21:30:43] RUN  nv=3 esp='1 2' vt='3,3' (2nd)
2
Cantus firmus -> gamme détectée : Majeur (tonique = C) -> gamme spécifiée : Majeur

=== Génération : cf8 (Do Reference Grave) | 3voices_1_1_2_vtype_3_3 | preset=bryce | obj=pond | timeout=180000ms | stagn=0ms ===
  [Sol 1 | t=19ms | Score pondéré=11221.0]
    -> Itération 1 | t=19ms | meilleur=1000000000000000000.0
  [Sol 2 | t=20ms | Score pondéré=9349.0]
  [Sol 3 | t=20ms | Score pondéré=9302.0]
  [Sol 4 | t=20ms | Score pondéré=9304.0]
  [Sol 5 | t=26ms | Score pondéré=9288.0]
    -> Itération 5 | t=26ms | meilleur=9302.0
  [Sol 6 | t=30ms | Score pondéré=8870.0]
  [Sol 7 | t=30ms | Score pondéré=8713.0]
  [Sol 8 | t=32ms | Score pondéré=8607.0]
  [Sol 9 | t=33ms | Score pondéré=8554.0]
  [Sol 10 | t=39ms | Score pondéré=8496.0]
    -> Itération 10 | t=39ms | meilleur=8554.0
  [Sol 11 | t=41ms | Score pondéré=8422.0]
  [Sol 12 | t=42ms | Score pondéré=8361.0]
  [Sol 13 | t=43ms | Score pondéré=8337.0]
  [Sol 14 | t=44ms | Score pondéré=8252.0]
  [Sol 15 | t=45ms | Score pondéré=8254.0]
  [Sol 16 | t=48ms | Score pondéré=8223.0]
  [Sol 17 | t=48ms | Score pondéré=8209.0]
  [Sol 18 | t=49ms | Score pondéré=8162.0]
  [Sol 19 | t=50ms | Score pondéré=8141.0]
  [Sol 20 | t=51ms | Score pondéré=8132.0]
    -> Itération 20 | t=51ms | meilleur=8141.0
  [Sol 21 | t=56ms | Score pondéré=8027.0]
  [Sol 22 | t=67ms | Score pondéré=7716.0]
  [Sol 23 | t=67ms | Score pondéré=7702.0]
  [Sol 24 | t=70ms | Score pondéré=7673.0]
  [Sol 25 | t=98ms | Score pondéré=7369.0]
  [Sol 26 | t=101ms | Score pondéré=7242.0]
  [Sol 27 | t=105ms | Score pondéré=7201.0]
  [Sol 28 | t=107ms | Score pondéré=7147.0]
  [Sol 29 | t=108ms | Score pondéré=7102.0]
  [Sol 30 | t=117ms | Score pondéré=6925.0]
    -> Itération 30 | t=117ms | meilleur=7102.0
  [Sol 31 | t=119ms | Score pondéré=6916.0]
  [Sol 32 | t=119ms | Score pondéré=6887.0]
  [Sol 33 | t=189ms | Score pondéré=6738.0]
  [Sol 34 | t=192ms | Score pondéré=6656.0]
  [Sol 35 | t=265ms | Score pondéré=6534.0]
  [Sol 36 | t=266ms | Score pondéré=6497.0]
  [Sol 37 | t=268ms | Score pondéré=6488.0]
  [Sol 38 | t=269ms | Score pondéré=6427.0]
  [Sol 39 | t=270ms | Score pondéré=6359.0]
  [Sol 40 | t=270ms | Score pondéré=6314.0]
    -> Itération 40 | t=270ms | meilleur=6359.0
  [Sol 41 | t=274ms | Score pondéré=6247.0]
  [Sol 42 | t=275ms | Score pondéré=6231.0]
  [Sol 43 | t=275ms | Score pondéré=6217.0]
  [Sol 44 | t=284ms | Score pondéré=6209.0]
  [Sol 45 | t=289ms | Score pondéré=6088.0]
  [Sol 46 | t=290ms | Score pondéré=6035.0]
  [Sol 47 | t=291ms | Score pondéré=6019.0]
  [Sol 48 | t=292ms | Score pondéré=6005.0]
  [Sol 49 | t=292ms | Score pondéré=5976.0]
  [Sol 50 | t=297ms | Score pondéré=5944.0]
    -> Itération 50 | t=297ms | meilleur=5976.0
  [Sol 51 | t=297ms | Score pondéré=5915.0]
  [Sol 52 | t=297ms | Score pondéré=5807.0]
  [Sol 53 | t=298ms | Score pondéré=5783.0]
  [Sol 54 | t=299ms | Score pondéré=5769.0]
  [Sol 55 | t=305ms | Score pondéré=5687.0]
  [Sol 56 | t=311ms | Score pondéré=5686.0]
  [Sol 57 | t=318ms | Score pondéré=5655.0]
  [Sol 58 | t=319ms | Score pondéré=5641.0]
  [Sol 59 | t=320ms | Score pondéré=5604.0]
  [Sol 60 | t=321ms | Score pondéré=5559.0]
  [Sol 61 | t=349ms | Score pondéré=5540.0]
  [Sol 62 | t=368ms | Score pondéré=5485.0]
  [Sol 63 | t=399ms | Score pondéré=5324.0]
  [Sol 64 | t=402ms | Score pondéré=5294.0]
  [Sol 65 | t=402ms | Score pondéré=5279.0]
  [Sol 66 | t=403ms | Score pondéré=5265.0]
  [Sol 67 | t=436ms | Score pondéré=5241.0]
  [Sol 68 | t=437ms | Score pondéré=5212.0]
  [Sol 69 | t=497ms | Score pondéré=5187.0]
  [Sol 70 | t=691ms | Score pondéré=5143.0]
  [Sol 71 | t=776ms | Score pondéré=5129.0]
  [Sol 72 | t=776ms | Score pondéré=5053.0]
  [Sol 73 | t=778ms | Score pondéré=5032.0]
  [Sol 74 | t=778ms | Score pondéré=4994.0]
  [Sol 75 | t=780ms | Score pondéré=4912.0]
  [Sol 76 | t=2294ms | Score pondéré=4822.0]
  [Sol 77 | t=2471ms | Score pondéré=4809.0]
  [Sol 78 | t=3095ms | Score pondéré=4804.0]
  [Sol 79 | t=3141ms | Score pondéré=4795.0]
  [Sol 80 | t=3330ms | Score pondéré=4761.0]
  [Sol 81 | t=3330ms | Score pondéré=4716.0]
  [Sol 82 | t=3613ms | Score pondéré=4710.0]
  [Sol 83 | t=9207ms | Score pondéré=4679.0]
  [Sol 84 | t=9232ms | Score pondéré=4676.0]
  [Sol 85 | t=9247ms | Score pondéré=4655.0]
  [Sol 86 | t=9270ms | Score pondéré=4541.0]
  [Sol 87 | t=16937ms | Score pondéré=4536.0]
  [Sol 88 | t=49203ms | Score pondéré=4528.0]
  [Sol 89 | t=49245ms | Score pondéré=4475.0]
  [Sol 90 | t=49247ms | Score pondéré=4425.0]
  [Sol 91 | t=49247ms | Score pondéré=4364.0]
  [Sol 92 | t=49250ms | Score pondéré=4340.0]
  [Sol 93 | t=145050ms | Score pondéré=4322.0]
  -> Solutions=93 Améliorations=91 Score pondéré=4322.0 Temps=180000ms (TIMEOUT_MAX)
  -> Best = 60 , 62 , 74 , 71 , 71 , 69 , 67 , 65 , 64 , 55 , 57 , 59 , 60 , 62 , 65 , 67 , 65 , 64 , 59 , 60 , 62 , 64 , 67 , 69 , 71 , 67
[21:33:43] DONE 3_1-2_3-3 -> TIMEOUT_MAX score=4322.0 nsol=93
[21:33:43] RUN  nv=3 esp='1 3' vt='1,1' (3rd)
2
Cantus firmus -> gamme détectée : Majeur (tonique = C) -> gamme spécifiée : Majeur

=== Génération : cf8 (Do Reference Grave) | 3voices_1_1_3_vtype_1_1 | preset=bryce | obj=pond | timeout=180000ms | stagn=0ms ===
  -> AUCUNE SOLUTION (TIMEOUT_MAX, 180000 ms)
[21:36:43] DONE 3_1-3_1-1 -> NO_OUTPUT
[21:36:43] RUN  nv=3 esp='1 3' vt='1,2' (3rd)
2
Cantus firmus -> gamme détectée : Majeur (tonique = C) -> gamme spécifiée : Majeur

=== Génération : cf8 (Do Reference Grave) | 3voices_1_1_3_vtype_1_2 | preset=bryce | obj=pond | timeout=180000ms | stagn=0ms ===
  [Sol 1 | t=31ms | Score pondéré=37339.0]
    -> Itération 1 | t=31ms | meilleur=1000000000000000000.0
  [Sol 2 | t=32ms | Score pondéré=37272.0]
  [Sol 3 | t=32ms | Score pondéré=36723.0]
  [Sol 4 | t=34ms | Score pondéré=36673.0]
  [Sol 5 | t=38ms | Score pondéré=36569.0]
    -> Itération 5 | t=38ms | meilleur=36673.0
  [Sol 6 | t=39ms | Score pondéré=36515.0]
  [Sol 7 | t=39ms | Score pondéré=36316.0]
  [Sol 8 | t=40ms | Score pondéré=36281.0]
  [Sol 9 | t=53ms | Score pondéré=36240.0]
  [Sol 10 | t=54ms | Score pondéré=35797.0]
    -> Itération 10 | t=54ms | meilleur=36240.0
  [Sol 11 | t=55ms | Score pondéré=35674.0]
  [Sol 12 | t=58ms | Score pondéré=35470.0]
  [Sol 13 | t=73ms | Score pondéré=35411.0]
  [Sol 14 | t=81ms | Score pondéré=35376.0]
  [Sol 15 | t=94ms | Score pondéré=35335.0]
  [Sol 16 | t=98ms | Score pondéré=35254.0]
  [Sol 17 | t=100ms | Score pondéré=35096.0]
  [Sol 18 | t=126ms | Score pondéré=35065.0]
  [Sol 19 | t=126ms | Score pondéré=34651.0]
  [Sol 20 | t=133ms | Score pondéré=34520.0]
    -> Itération 20 | t=133ms | meilleur=34651.0
  [Sol 21 | t=142ms | Score pondéré=34485.0]
  [Sol 22 | t=151ms | Score pondéré=34287.0]
  [Sol 23 | t=158ms | Score pondéré=34205.0]
  [Sol 24 | t=179ms | Score pondéré=34115.0]
  [Sol 25 | t=220ms | Score pondéré=34001.0]
  [Sol 26 | t=286ms | Score pondéré=33954.0]
  [Sol 27 | t=363ms | Score pondéré=33919.0]
  [Sol 28 | t=461ms | Score pondéré=33797.0]
  [Sol 29 | t=474ms | Score pondéré=33797.0]
  [Sol 30 | t=562ms | Score pondéré=33755.0]
    -> Itération 30 | t=562ms | meilleur=33797.0
  [Sol 31 | t=622ms | Score pondéré=33633.0]
  [Sol 32 | t=737ms | Score pondéré=33632.0]
  [Sol 33 | t=777ms | Score pondéré=33624.0]
  [Sol 34 | t=798ms | Score pondéré=33510.0]
  [Sol 35 | t=1091ms | Score pondéré=33483.0]
  [Sol 36 | t=1133ms | Score pondéré=33271.0]
  [Sol 37 | t=1356ms | Score pondéré=33237.0]
  [Sol 38 | t=1394ms | Score pondéré=33237.0]
  [Sol 39 | t=2380ms | Score pondéré=33202.0]
  [Sol 40 | t=3534ms | Score pondéré=33195.0]
    -> Itération 40 | t=3534ms | meilleur=33202.0
  [Sol 41 | t=3644ms | Score pondéré=33162.0]
  [Sol 42 | t=3821ms | Score pondéré=33073.0]
  [Sol 43 | t=3853ms | Score pondéré=33038.0]
  [Sol 44 | t=4422ms | Score pondéré=19831.0]
  [Sol 45 | t=4423ms | Score pondéré=19764.0]
  [Sol 46 | t=4424ms | Score pondéré=17128.0]
  [Sol 47 | t=4424ms | Score pondéré=16512.0]
  [Sol 48 | t=4426ms | Score pondéré=16102.0]
  [Sol 49 | t=4429ms | Score pondéré=16078.0]
  [Sol 50 | t=4430ms | Score pondéré=16030.0]
    -> Itération 50 | t=4430ms | meilleur=16078.0
  [Sol 51 | t=4431ms | Score pondéré=15963.0]
  [Sol 52 | t=4431ms | Score pondéré=15790.0]
  [Sol 53 | t=4435ms | Score pondéré=15742.0]
  [Sol 54 | t=4437ms | Score pondéré=14315.0]
  [Sol 55 | t=4437ms | Score pondéré=13872.0]
  [Sol 56 | t=4439ms | Score pondéré=13769.0]
  [Sol 57 | t=4439ms | Score pondéré=13342.0]
  [Sol 58 | t=4440ms | Score pondéré=13333.0]
  [Sol 59 | t=4441ms | Score pondéré=12947.0]
  [Sol 60 | t=4443ms | Score pondéré=12833.0]
  [Sol 61 | t=4443ms | Score pondéré=12390.0]
  [Sol 62 | t=4453ms | Score pondéré=12266.0]
  [Sol 63 | t=4455ms | Score pondéré=11782.0]
  [Sol 64 | t=4457ms | Score pondéré=11468.0]
  [Sol 65 | t=4462ms | Score pondéré=11461.0]
  [Sol 66 | t=4462ms | Score pondéré=11304.0]
  [Sol 67 | t=4478ms | Score pondéré=11268.0]
  [Sol 68 | t=4479ms | Score pondéré=11192.0]
  [Sol 69 | t=4486ms | Score pondéré=11110.0]
  [Sol 70 | t=4517ms | Score pondéré=10680.0]
  [Sol 71 | t=4541ms | Score pondéré=10559.0]
  [Sol 72 | t=4554ms | Score pondéré=10441.0]
  [Sol 73 | t=4571ms | Score pondéré=10400.0]
  [Sol 74 | t=4581ms | Score pondéré=10318.0]
  [Sol 75 | t=4600ms | Score pondéré=10279.0]
  [Sol 76 | t=4605ms | Score pondéré=10228.0]
  [Sol 77 | t=4630ms | Score pondéré=10114.0]
  [Sol 78 | t=4769ms | Score pondéré=10019.0]
  [Sol 79 | t=4771ms | Score pondéré=9868.0]
  [Sol 80 | t=5092ms | Score pondéré=9821.0]
  [Sol 81 | t=6544ms | Score pondéré=9781.0]
  [Sol 82 | t=7597ms | Score pondéré=9741.0]
  [Sol 83 | t=9635ms | Score pondéré=9742.0]
  [Sol 84 | t=12963ms | Score pondéré=9717.0]
  [Sol 85 | t=14160ms | Score pondéré=9677.0]
  [Sol 86 | t=14188ms | Score pondéré=9553.0]
  [Sol 87 | t=15782ms | Score pondéré=9471.0]
  [Sol 88 | t=26128ms | Score pondéré=9425.0]
  [Sol 89 | t=30670ms | Score pondéré=9336.0]
  [Sol 90 | t=30768ms | Score pondéré=9336.0]
  [Sol 91 | t=31126ms | Score pondéré=9223.0]
  [Sol 92 | t=31291ms | Score pondéré=9180.0]
  [Sol 93 | t=31299ms | Score pondéré=9125.0]
  [Sol 94 | t=31327ms | Score pondéré=9011.0]
  [Sol 95 | t=32135ms | Score pondéré=8983.0]
  [Sol 96 | t=33096ms | Score pondéré=8949.0]
  [Sol 97 | t=33134ms | Score pondéré=8875.0]
  [Sol 98 | t=33256ms | Score pondéré=8861.0]
  [Sol 99 | t=35732ms | Score pondéré=8832.0]
  [Sol 100 | t=36184ms | Score pondéré=8799.0]
    -> Itération 100 | t=36184ms | meilleur=8832.0
  [Sol 101 | t=37190ms | Score pondéré=8752.0]
  [Sol 102 | t=38791ms | Score pondéré=8732.0]
  [Sol 103 | t=38914ms | Score pondéré=8725.0]
  [Sol 104 | t=38950ms | Score pondéré=8704.0]
  [Sol 105 | t=39318ms | Score pondéré=8608.0]
  [Sol 106 | t=43190ms | Score pondéré=8560.0]
  [Sol 107 | t=43282ms | Score pondéré=8526.0]
  [Sol 108 | t=43453ms | Score pondéré=8486.0]
  [Sol 109 | t=48860ms | Score pondéré=8485.0]
  [Sol 110 | t=50579ms | Score pondéré=8477.0]
  [Sol 111 | t=81727ms | Score pondéré=8471.0]
  [Sol 112 | t=84405ms | Score pondéré=8390.0]
  [Sol 113 | t=95834ms | Score pondéré=8381.0]
  [Sol 114 | t=112130ms | Score pondéré=8342.0]
  [Sol 115 | t=112708ms | Score pondéré=8306.0]
  [Sol 116 | t=119261ms | Score pondéré=8280.0]
  [Sol 117 | t=119264ms | Score pondéré=8129.0]
  [Sol 118 | t=120773ms | Score pondéré=8093.0]
  [Sol 119 | t=131875ms | Score pondéré=8075.0]
  [Sol 120 | t=132135ms | Score pondéré=8061.0]
  [Sol 121 | t=163762ms | Score pondéré=8054.0]
  -> Solutions=121 Améliorations=117 Score pondéré=8054.0 Temps=180000ms (TIMEOUT_MAX)
  -> Best = 48 , 43 , 45 , 43 , 43 , 45 , 43 , 43 , 55 , 69 , 57 , 60 , 64 , 59 , 62 , 64 , 62 , 60 , 65 , 67 , 69 , 64 , 65 , 67 , 69 , 67 , 65 , 64 , 59 , 60 , 62 , 64 , 65 , 67 , 69 , 71 , 72 , 71 , 69 , 67 , 65 , 64
[21:39:43] DONE 3_1-3_1-2 -> TIMEOUT_MAX score=8054.0 nsol=121
[21:39:43] RUN  nv=3 esp='1 3' vt='1,3' (3rd)
2
Cantus firmus -> gamme détectée : Majeur (tonique = C) -> gamme spécifiée : Majeur

=== Génération : cf8 (Do Reference Grave) | 3voices_1_1_3_vtype_1_3 | preset=bryce | obj=pond | timeout=180000ms | stagn=0ms ===
  [Sol 1 | t=16ms | Score pondéré=38057.0]
    -> Itération 1 | t=16ms | meilleur=1000000000000000000.0
  [Sol 2 | t=17ms | Score pondéré=37055.0]
  [Sol 3 | t=18ms | Score pondéré=36506.0]
  [Sol 4 | t=19ms | Score pondéré=36293.0]
  [Sol 5 | t=20ms | Score pondéré=36185.0]
    -> Itération 5 | t=20ms | meilleur=36293.0
  [Sol 6 | t=20ms | Score pondéré=36063.0]
  [Sol 7 | t=22ms | Score pondéré=35875.0]
  [Sol 8 | t=22ms | Score pondéré=35707.0]
  [Sol 9 | t=23ms | Score pondéré=35534.0]
  [Sol 10 | t=26ms | Score pondéré=34536.0]
    -> Itération 10 | t=26ms | meilleur=35534.0
  [Sol 11 | t=26ms | Score pondéré=34225.0]
  [Sol 12 | t=27ms | Score pondéré=34209.0]
  [Sol 13 | t=30ms | Score pondéré=34175.0]
  [Sol 14 | t=31ms | Score pondéré=34018.0]
  [Sol 15 | t=36ms | Score pondéré=33929.0]
  [Sol 16 | t=38ms | Score pondéré=33929.0]
  [Sol 17 | t=44ms | Score pondéré=33737.0]
  [Sol 18 | t=51ms | Score pondéré=33375.0]
  [Sol 19 | t=51ms | Score pondéré=32932.0]
  [Sol 20 | t=60ms | Score pondéré=32871.0]
    -> Itération 20 | t=60ms | meilleur=32932.0
  [Sol 21 | t=64ms | Score pondéré=32836.0]
  [Sol 22 | t=84ms | Score pondéré=32761.0]
  [Sol 23 | t=100ms | Score pondéré=32673.0]
  [Sol 24 | t=101ms | Score pondéré=32516.0]
  [Sol 25 | t=258ms | Score pondéré=32508.0]
  [Sol 26 | t=285ms | Score pondéré=32503.0]
  [Sol 27 | t=285ms | Score pondéré=32503.0]
  [Sol 28 | t=290ms | Score pondéré=32468.0]
  [Sol 29 | t=359ms | Score pondéré=32361.0]
  [Sol 30 | t=398ms | Score pondéré=32230.0]
    -> Itération 30 | t=398ms | meilleur=32361.0
  [Sol 31 | t=414ms | Score pondéré=32224.0]
  [Sol 32 | t=415ms | Score pondéré=32189.0]
  [Sol 33 | t=435ms | Score pondéré=32169.0]
  [Sol 34 | t=671ms | Score pondéré=32149.0]
  [Sol 35 | t=918ms | Score pondéré=32060.0]
  [Sol 36 | t=998ms | Score pondéré=32060.0]
  [Sol 37 | t=999ms | Score pondéré=31903.0]
  [Sol 38 | t=1217ms | Score pondéré=31867.0]
  [Sol 39 | t=1219ms | Score pondéré=31703.0]
  [Sol 40 | t=1860ms | Score pondéré=31621.0]
    -> Itération 40 | t=1860ms | meilleur=31703.0
  [Sol 41 | t=8649ms | Score pondéré=31602.0]
  [Sol 42 | t=9327ms | Score pondéré=31504.0]
  [Sol 43 | t=11978ms | Score pondéré=31471.0]
  [Sol 44 | t=12609ms | Score pondéré=31375.0]
  [Sol 45 | t=13479ms | Score pondéré=31301.0]
  [Sol 46 | t=16612ms | Score pondéré=31212.0]
  [Sol 47 | t=18542ms | Score pondéré=31137.0]
  [Sol 48 | t=21673ms | Score pondéré=8544.0]
  [Sol 49 | t=21675ms | Score pondéré=8422.0]
  [Sol 50 | t=21677ms | Score pondéré=8060.0]
    -> Itération 50 | t=21677ms | meilleur=8422.0
  [Sol 51 | t=22162ms | Score pondéré=8010.0]
  [Sol 52 | t=23502ms | Score pondéré=7956.0]
  [Sol 53 | t=23808ms | Score pondéré=7921.0]
  [Sol 54 | t=23809ms | Score pondéré=7764.0]
  [Sol 55 | t=25051ms | Score pondéré=7766.0]
  [Sol 56 | t=25327ms | Score pondéré=7752.0]
  [Sol 57 | t=25511ms | Score pondéré=7724.0]
  [Sol 58 | t=26256ms | Score pondéré=7602.0]
  [Sol 59 | t=37927ms | Score pondéré=7576.0]
  [Sol 60 | t=40922ms | Score pondéré=7494.0]
  [Sol 61 | t=41643ms | Score pondéré=7486.0]
  [Sol 62 | t=50878ms | Score pondéré=7439.0]
  [Sol 63 | t=51704ms | Score pondéré=7441.0]
  [Sol 64 | t=51870ms | Score pondéré=7422.0]
  [Sol 65 | t=53105ms | Score pondéré=7406.0]
  [Sol 66 | t=53157ms | Score pondéré=7400.0]
  [Sol 67 | t=53774ms | Score pondéré=7324.0]
  [Sol 68 | t=55084ms | Score pondéré=7309.0]
  [Sol 69 | t=55254ms | Score pondéré=7310.0]
  [Sol 70 | t=55260ms | Score pondéré=7295.0]
  [Sol 71 | t=55342ms | Score pondéré=7262.0]
  [Sol 72 | t=55342ms | Score pondéré=7227.0]
  [Sol 73 | t=55349ms | Score pondéré=7194.0]
  [Sol 74 | t=55362ms | Score pondéré=7147.0]
  [Sol 75 | t=55362ms | Score pondéré=7112.0]
  [Sol 76 | t=55676ms | Score pondéré=7105.0]
  [Sol 77 | t=56803ms | Score pondéré=7096.0]
  [Sol 78 | t=57211ms | Score pondéré=7088.0]
  [Sol 79 | t=57233ms | Score pondéré=6974.0]
  [Sol 80 | t=66267ms | Score pondéré=6977.0]
  [Sol 81 | t=66269ms | Score pondéré=6942.0]
  [Sol 82 | t=66450ms | Score pondéré=6928.0]
  [Sol 83 | t=66966ms | Score pondéré=6881.0]
  [Sol 84 | t=67221ms | Score pondéré=6862.0]
  [Sol 85 | t=68047ms | Score pondéré=6846.0]
  [Sol 86 | t=68330ms | Score pondéré=6840.0]
  [Sol 87 | t=68860ms | Score pondéré=6764.0]
  [Sol 88 | t=72126ms | Score pondéré=6693.0]
  [Sol 89 | t=72142ms | Score pondéré=6603.0]
  [Sol 90 | t=72167ms | Score pondéré=6489.0]
  [Sol 91 | t=73869ms | Score pondéré=6481.0]
  [Sol 92 | t=79272ms | Score pondéré=6455.0]
  [Sol 93 | t=83995ms | Score pondéré=6388.0]
  [Sol 94 | t=113301ms | Score pondéré=6352.0]
  [Sol 95 | t=142452ms | Score pondéré=6315.0]
  [Sol 96 | t=146798ms | Score pondéré=6297.0]
  [Sol 97 | t=146895ms | Score pondéré=6283.0]
  [Sol 98 | t=169206ms | Score pondéré=6277.0]
  -> Solutions=98 Améliorations=91 Score pondéré=6277.0 Temps=180000ms (TIMEOUT_MAX)
  -> Best = 48 , 43 , 45 , 43 , 43 , 45 , 43 , 43 , 55 , 57 , 60 , 62 , 64 , 59 , 60 , 62 , 59 , 60 , 65 , 67 , 69 , 64 , 65 , 67 , 69 , 67 , 65 , 64 , 59 , 60 , 62 , 64 , 65 , 67 , 69 , 71 , 72 , 71 , 69 , 67 , 65 , 64
[21:42:43] DONE 3_1-3_1-3 -> TIMEOUT_MAX score=6277.0 nsol=98
[21:42:43] RUN  nv=3 esp='1 3' vt='2,1' (3rd)
2
Cantus firmus -> gamme détectée : Majeur (tonique = C) -> gamme spécifiée : Majeur

=== Génération : cf8 (Do Reference Grave) | 3voices_1_1_3_vtype_2_1 | preset=bryce | obj=pond | timeout=180000ms | stagn=0ms ===
  -> AUCUNE SOLUTION (TIMEOUT_MAX, 180000 ms)
[21:45:43] DONE 3_1-3_2-1 -> NO_OUTPUT
[21:45:43] RUN  nv=3 esp='1 3' vt='2,2' (3rd)
2
Cantus firmus -> gamme détectée : Majeur (tonique = C) -> gamme spécifiée : Majeur

=== Génération : cf8 (Do Reference Grave) | 3voices_1_1_3_vtype_2_2 | preset=bryce | obj=pond | timeout=180000ms | stagn=0ms ===
  [Sol 1 | t=39ms | Score pondéré=39422.0]
    -> Itération 1 | t=39ms | meilleur=1000000000000000000.0
  [Sol 2 | t=40ms | Score pondéré=39243.0]
  [Sol 3 | t=41ms | Score pondéré=38741.0]
  [Sol 4 | t=43ms | Score pondéré=38692.0]
  [Sol 5 | t=43ms | Score pondéré=38659.0]
    -> Itération 5 | t=43ms | meilleur=38692.0
  [Sol 6 | t=44ms | Score pondéré=38473.0]
  [Sol 7 | t=59ms | Score pondéré=38466.0]
  [Sol 8 | t=65ms | Score pondéré=38426.0]
  [Sol 9 | t=141ms | Score pondéré=38368.0]
  [Sol 10 | t=144ms | Score pondéré=38328.0]
    -> Itération 10 | t=144ms | meilleur=38368.0
  [Sol 11 | t=174ms | Score pondéré=38281.0]
  [Sol 12 | t=175ms | Score pondéré=38218.0]
  [Sol 13 | t=228ms | Score pondéré=38211.0]
  [Sol 14 | t=249ms | Score pondéré=38178.0]
  [Sol 15 | t=311ms | Score pondéré=38171.0]
  [Sol 16 | t=314ms | Score pondéré=38049.0]
  [Sol 17 | t=565ms | Score pondéré=35259.0]
  [Sol 18 | t=576ms | Score pondéré=35200.0]
  [Sol 19 | t=577ms | Score pondéré=35137.0]
  [Sol 20 | t=579ms | Score pondéré=35097.0]
    -> Itération 20 | t=579ms | meilleur=35137.0
  [Sol 21 | t=591ms | Score pondéré=35043.0]
  [Sol 22 | t=591ms | Score pondéré=34980.0]
  [Sol 23 | t=593ms | Score pondéré=34940.0]
  [Sol 24 | t=883ms | Score pondéré=34926.0]
  [Sol 25 | t=3461ms | Score pondéré=34887.0]
  [Sol 26 | t=5799ms | Score pondéré=15765.0]
  [Sol 27 | t=5800ms | Score pondéré=14969.0]
  [Sol 28 | t=5820ms | Score pondéré=14873.0]
  [Sol 29 | t=5821ms | Score pondéré=14382.0]
  [Sol 30 | t=5822ms | Score pondéré=14101.0]
    -> Itération 30 | t=5822ms | meilleur=14382.0
  [Sol 31 | t=5823ms | Score pondéré=14042.0]
  [Sol 32 | t=5824ms | Score pondéré=13774.0]
  [Sol 33 | t=5828ms | Score pondéré=13734.0]
  [Sol 34 | t=5863ms | Score pondéré=13657.0]
  [Sol 35 | t=5868ms | Score pondéré=13617.0]
  [Sol 36 | t=5898ms | Score pondéré=13610.0]
  [Sol 37 | t=5901ms | Score pondéré=13488.0]
  [Sol 38 | t=5991ms | Score pondéré=13406.0]
  [Sol 39 | t=6053ms | Score pondéré=13324.0]
  [Sol 40 | t=6114ms | Score pondéré=13291.0]
    -> Itération 40 | t=6114ms | meilleur=13324.0
  [Sol 41 | t=6201ms | Score pondéré=13277.0]
  [Sol 42 | t=6510ms | Score pondéré=13242.0]
  [Sol 43 | t=6527ms | Score pondéré=13223.0]
  [Sol 44 | t=6527ms | Score pondéré=13160.0]
  [Sol 45 | t=6530ms | Score pondéré=13120.0]
  [Sol 46 | t=6571ms | Score pondéré=10624.0]
  [Sol 47 | t=6571ms | Score pondéré=10461.0]
  [Sol 48 | t=6572ms | Score pondéré=10400.0]
  [Sol 49 | t=6578ms | Score pondéré=10248.0]
  [Sol 50 | t=6591ms | Score pondéré=10126.0]
    -> Itération 50 | t=6591ms | meilleur=10248.0
  [Sol 51 | t=6788ms | Score pondéré=10074.0]
  [Sol 52 | t=6788ms | Score pondéré=10011.0]
  [Sol 53 | t=6941ms | Score pondéré=9997.0]
  [Sol 54 | t=8101ms | Score pondéré=9955.0]
  [Sol 55 | t=9814ms | Score pondéré=9928.0]
  [Sol 56 | t=9819ms | Score pondéré=9888.0]
  [Sol 57 | t=10105ms | Score pondéré=9874.0]
  [Sol 58 | t=11711ms | Score pondéré=9808.0]
  [Sol 59 | t=11848ms | Score pondéré=9794.0]
  [Sol 60 | t=12397ms | Score pondéré=9673.0]
  [Sol 61 | t=12398ms | Score pondéré=9171.0]
  [Sol 62 | t=12399ms | Score pondéré=8966.0]
  [Sol 63 | t=12399ms | Score pondéré=8903.0]
  [Sol 64 | t=12406ms | Score pondéré=8844.0]
  [Sol 65 | t=12406ms | Score pondéré=8781.0]
  [Sol 66 | t=12439ms | Score pondéré=8753.0]
  [Sol 67 | t=12459ms | Score pondéré=8624.0]
  [Sol 68 | t=12532ms | Score pondéré=8556.0]
  [Sol 69 | t=12536ms | Score pondéré=8516.0]
  [Sol 70 | t=12748ms | Score pondéré=8502.0]
  [Sol 71 | t=12970ms | Score pondéré=8269.0]
  [Sol 72 | t=12971ms | Score pondéré=8106.0]
  [Sol 73 | t=12974ms | Score pondéré=8066.0]
  -> Solutions=73 Améliorations=73 Score pondéré=8066.0 Temps=180000ms (TIMEOUT_MAX)
  -> Best = 60 , 62 , 69 , 69 , 64 , 57 , 57 , 57 , 52 , 69 , 67 , 65 , 64 , 59 , 57 , 55 , 53 , 50 , 57 , 55 , 53 , 48 , 50 , 52 , 50 , 48 , 52 , 53 , 55 , 50 , 52 , 53 , 50 , 48 , 60 , 62 , 64 , 59 , 57 , 55 , 53 , 52
[21:48:43] DONE 3_1-3_2-2 -> TIMEOUT_MAX score=8066.0 nsol=73
[21:48:43] RUN  nv=3 esp='1 3' vt='2,3' (3rd)
2
Cantus firmus -> gamme détectée : Majeur (tonique = C) -> gamme spécifiée : Majeur

=== Génération : cf8 (Do Reference Grave) | 3voices_1_1_3_vtype_2_3 | preset=bryce | obj=pond | timeout=180000ms | stagn=0ms ===
  [Sol 1 | t=22ms | Score pondéré=10233.0]
    -> Itération 1 | t=22ms | meilleur=1000000000000000000.0
  [Sol 2 | t=23ms | Score pondéré=10150.0]
  [Sol 3 | t=24ms | Score pondéré=9665.0]
  [Sol 4 | t=25ms | Score pondéré=9624.0]
  [Sol 5 | t=32ms | Score pondéré=8897.0]
    -> Itération 5 | t=32ms | meilleur=9624.0
  [Sol 6 | t=32ms | Score pondéré=8850.0]
  [Sol 7 | t=36ms | Score pondéré=8836.0]
  [Sol 8 | t=40ms | Score pondéré=8651.0]
  [Sol 9 | t=56ms | Score pondéré=8311.0]
  [Sol 10 | t=57ms | Score pondéré=8148.0]
    -> Itération 10 | t=57ms | meilleur=8311.0
  [Sol 11 | t=59ms | Score pondéré=8052.0]
  [Sol 12 | t=60ms | Score pondéré=7977.0]
  [Sol 13 | t=71ms | Score pondéré=7895.0]
  [Sol 14 | t=78ms | Score pondéré=7869.0]
  [Sol 15 | t=78ms | Score pondéré=7738.0]
  [Sol 16 | t=79ms | Score pondéré=7694.0]
  [Sol 17 | t=117ms | Score pondéré=7635.0]
  [Sol 18 | t=117ms | Score pondéré=7588.0]
  [Sol 19 | t=155ms | Score pondéré=7569.0]
  [Sol 20 | t=156ms | Score pondéré=7494.0]
    -> Itération 20 | t=156ms | meilleur=7569.0
  [Sol 21 | t=170ms | Score pondéré=7413.0]
  [Sol 22 | t=170ms | Score pondéré=7372.0]
  [Sol 23 | t=220ms | Score pondéré=7299.0]
  [Sol 24 | t=248ms | Score pondéré=7284.0]
  [Sol 25 | t=411ms | Score pondéré=7268.0]
  [Sol 26 | t=425ms | Score pondéré=7224.0]
  [Sol 27 | t=629ms | Score pondéré=7205.0]
  [Sol 28 | t=653ms | Score pondéré=7157.0]
  [Sol 29 | t=722ms | Score pondéré=7153.0]
  [Sol 30 | t=796ms | Score pondéré=7011.0]
    -> Itération 30 | t=796ms | meilleur=7153.0
  [Sol 31 | t=797ms | Score pondéré=6964.0]
  [Sol 32 | t=804ms | Score pondéré=6938.0]
  [Sol 33 | t=805ms | Score pondéré=6807.0]
  [Sol 34 | t=806ms | Score pondéré=6804.0]
  [Sol 35 | t=807ms | Score pondéré=6763.0]
  [Sol 36 | t=826ms | Score pondéré=6719.0]
  [Sol 37 | t=831ms | Score pondéré=6597.0]
  [Sol 38 | t=839ms | Score pondéré=6396.0]
  [Sol 39 | t=902ms | Score pondéré=6383.0]
  [Sol 40 | t=903ms | Score pondéré=6357.0]
    -> Itération 40 | t=903ms | meilleur=6383.0
  [Sol 41 | t=903ms | Score pondéré=6226.0]
  [Sol 42 | t=905ms | Score pondéré=6182.0]
  [Sol 43 | t=916ms | Score pondéré=6014.0]
  [Sol 44 | t=941ms | Score pondéré=6015.0]
  [Sol 45 | t=956ms | Score pondéré=5972.0]
  [Sol 46 | t=972ms | Score pondéré=5918.0]
  [Sol 47 | t=974ms | Score pondéré=5821.0]
  [Sol 48 | t=1013ms | Score pondéré=5786.0]
  [Sol 49 | t=1288ms | Score pondéré=5707.0]
  [Sol 50 | t=1291ms | Score pondéré=5665.0]
    -> Itération 50 | t=1291ms | meilleur=5707.0
  [Sol 51 | t=1481ms | Score pondéré=5640.0]
  [Sol 52 | t=1484ms | Score pondéré=5605.0]
  [Sol 53 | t=1484ms | Score pondéré=5558.0]
  [Sol 54 | t=1490ms | Score pondéré=5514.0]
  [Sol 55 | t=1652ms | Score pondéré=5490.0]
  [Sol 56 | t=1656ms | Score pondéré=5446.0]
  [Sol 57 | t=1723ms | Score pondéré=5431.0]
  [Sol 58 | t=1866ms | Score pondéré=5430.0]
  [Sol 59 | t=1866ms | Score pondéré=5389.0]
  [Sol 60 | t=1868ms | Score pondéré=5241.0]
  [Sol 61 | t=1890ms | Score pondéré=5215.0]
  [Sol 62 | t=1986ms | Score pondéré=5189.0]
  [Sol 63 | t=2069ms | Score pondéré=5194.0]
  [Sol 64 | t=2070ms | Score pondéré=5153.0]
  [Sol 65 | t=4016ms | Score pondéré=5137.0]
  [Sol 66 | t=4017ms | Score pondéré=5093.0]
  [Sol 67 | t=8706ms | Score pondéré=5094.0]
  [Sol 68 | t=8717ms | Score pondéré=5068.0]
  [Sol 69 | t=9467ms | Score pondéré=5015.0]
  [Sol 70 | t=9471ms | Score pondéré=4986.0]
  [Sol 71 | t=9476ms | Score pondéré=4962.0]
  [Sol 72 | t=9477ms | Score pondéré=4814.0]
  [Sol 73 | t=9523ms | Score pondéré=4799.0]
  [Sol 74 | t=10810ms | Score pondéré=4747.0]
  [Sol 75 | t=10812ms | Score pondéré=4705.0]
  [Sol 76 | t=11019ms | Score pondéré=4684.0]
  [Sol 77 | t=11058ms | Score pondéré=4669.0]
  [Sol 78 | t=12905ms | Score pondéré=4653.0]
  [Sol 79 | t=12906ms | Score pondéré=4650.0]
  [Sol 80 | t=12907ms | Score pondéré=4609.0]
  [Sol 81 | t=15514ms | Score pondéré=4511.0]
  [Sol 82 | t=56395ms | Score pondéré=4470.0]
  [Sol 83 | t=56437ms | Score pondéré=4423.0]
  [Sol 84 | t=56438ms | Score pondéré=4382.0]
  [Sol 85 | t=74787ms | Score pondéré=4267.0]
  -> Solutions=85 Améliorations=82 Score pondéré=4267.0 Temps=180000ms (TIMEOUT_MAX)
  -> Best = 60 , 53 , 50 , 48 , 48 , 50 , 48 , 53 , 48 , 69 , 71 , 72 , 71 , 69 , 67 , 65 , 64 , 65 , 67 , 69 , 71 , 72 , 74 , 76 , 77 , 76 , 74 , 72 , 71 , 69 , 74 , 72 , 71 , 69 , 64 , 65 , 67 , 69 , 71 , 72 , 74 , 76
[21:51:43] DONE 3_1-3_2-3 -> TIMEOUT_MAX score=4267.0 nsol=85
[21:51:43] RUN  nv=3 esp='1 3' vt='3,2' (3rd)
2
Cantus firmus -> gamme détectée : Majeur (tonique = C) -> gamme spécifiée : Majeur

=== Génération : cf8 (Do Reference Grave) | 3voices_1_1_3_vtype_3_2 | preset=bryce | obj=pond | timeout=180000ms | stagn=0ms ===
  [Sol 1 | t=47ms | Score pondéré=39392.0]
    -> Itération 1 | t=47ms | meilleur=1000000000000000000.0
  [Sol 2 | t=49ms | Score pondéré=39180.0]
  [Sol 3 | t=51ms | Score pondéré=38981.0]
  [Sol 4 | t=52ms | Score pondéré=38853.0]
  [Sol 5 | t=59ms | Score pondéré=38640.0]
    -> Itération 5 | t=59ms | meilleur=38853.0
  [Sol 6 | t=71ms | Score pondéré=38593.0]
  [Sol 7 | t=97ms | Score pondéré=38584.0]
  [Sol 8 | t=111ms | Score pondéré=38467.0]
  [Sol 9 | t=117ms | Score pondéré=38345.0]
  [Sol 10 | t=156ms | Score pondéré=38263.0]
    -> Itération 10 | t=156ms | meilleur=38345.0
  [Sol 11 | t=244ms | Score pondéré=38181.0]
  [Sol 12 | t=441ms | Score pondéré=38101.0]
  [Sol 13 | t=548ms | Score pondéré=38024.0]
  [Sol 14 | t=1791ms | Score pondéré=37977.0]
  [Sol 15 | t=6655ms | Score pondéré=37897.0]
  [Sol 16 | t=26163ms | Score pondéré=36815.0]
  [Sol 17 | t=26164ms | Score pondéré=36708.0]
  [Sol 18 | t=26164ms | Score pondéré=36529.0]
  [Sol 19 | t=26165ms | Score pondéré=36407.0]
  [Sol 20 | t=26169ms | Score pondéré=36316.0]
    -> Itération 20 | t=26169ms | meilleur=36407.0
  [Sol 21 | t=26173ms | Score pondéré=36194.0]
  [Sol 22 | t=26178ms | Score pondéré=36084.0]
  [Sol 23 | t=26191ms | Score pondéré=36037.0]
  [Sol 24 | t=26202ms | Score pondéré=35953.0]
  [Sol 25 | t=26207ms | Score pondéré=35906.0]
  [Sol 26 | t=26246ms | Score pondéré=35883.0]
  [Sol 27 | t=26257ms | Score pondéré=35871.0]
  [Sol 28 | t=26268ms | Score pondéré=35714.0]
  [Sol 29 | t=26438ms | Score pondéré=35707.0]
  [Sol 30 | t=26446ms | Score pondéré=35672.0]
    -> Itération 30 | t=26446ms | meilleur=35707.0
  [Sol 31 | t=26451ms | Score pondéré=35550.0]
  [Sol 32 | t=26529ms | Score pondéré=35541.0]
  [Sol 33 | t=26537ms | Score pondéré=35431.0]
  [Sol 34 | t=26564ms | Score pondéré=35344.0]
  [Sol 35 | t=26570ms | Score pondéré=35222.0]
  [Sol 36 | t=27708ms | Score pondéré=35100.0]
  [Sol 37 | t=33427ms | Score pondéré=35009.0]
  [Sol 38 | t=33865ms | Score pondéré=34887.0]
  [Sol 39 | t=35048ms | Score pondéré=34763.0]
  [Sol 40 | t=40122ms | Score pondéré=34683.0]
    -> Itération 40 | t=40122ms | meilleur=34763.0
  [Sol 41 | t=46237ms | Score pondéré=14899.0]
  [Sol 42 | t=46240ms | Score pondéré=14808.0]
  [Sol 43 | t=46244ms | Score pondéré=14686.0]
  [Sol 44 | t=46251ms | Score pondéré=14611.0]
  [Sol 45 | t=46297ms | Score pondéré=14571.0]
  [Sol 46 | t=46313ms | Score pondéré=14559.0]
  [Sol 47 | t=46322ms | Score pondéré=14524.0]
  [Sol 48 | t=46326ms | Score pondéré=14402.0]
  [Sol 49 | t=46453ms | Score pondéré=14320.0]
  [Sol 50 | t=46648ms | Score pondéré=14106.0]
    -> Itération 50 | t=46648ms | meilleur=14320.0
  [Sol 51 | t=46649ms | Score pondéré=13779.0]
  [Sol 52 | t=46652ms | Score pondéré=13688.0]
  [Sol 53 | t=46657ms | Score pondéré=13566.0]
  [Sol 54 | t=46666ms | Score pondéré=13491.0]
  [Sol 55 | t=46696ms | Score pondéré=13479.0]
  [Sol 56 | t=46700ms | Score pondéré=13369.0]
  [Sol 57 | t=46705ms | Score pondéré=13287.0]
  [Sol 58 | t=46711ms | Score pondéré=13282.0]
  [Sol 59 | t=46723ms | Score pondéré=13125.0]
  [Sol 60 | t=47133ms | Score pondéré=13036.0]
  [Sol 61 | t=47168ms | Score pondéré=13013.0]
  [Sol 62 | t=47215ms | Score pondéré=13006.0]
  [Sol 63 | t=47221ms | Score pondéré=12844.0]
  [Sol 64 | t=47359ms | Score pondéré=12827.0]
  [Sol 65 | t=47360ms | Score pondéré=12785.0]
  [Sol 66 | t=47360ms | Score pondéré=12438.0]
  [Sol 67 | t=47361ms | Score pondéré=12219.0]
  [Sol 68 | t=47367ms | Score pondéré=12097.0]
  [Sol 69 | t=47384ms | Score pondéré=12015.0]
  [Sol 70 | t=47493ms | Score pondéré=11968.0]
  [Sol 71 | t=47498ms | Score pondéré=11846.0]
  [Sol 72 | t=47555ms | Score pondéré=11757.0]
  [Sol 73 | t=47565ms | Score pondéré=11600.0]
  [Sol 74 | t=47630ms | Score pondéré=11478.0]
  [Sol 75 | t=48272ms | Score pondéré=11448.0]
  [Sol 76 | t=48278ms | Score pondéré=11326.0]
  [Sol 77 | t=48865ms | Score pondéré=11321.0]
  [Sol 78 | t=48969ms | Score pondéré=11244.0]
  [Sol 79 | t=49127ms | Score pondéré=11197.0]
  [Sol 80 | t=53357ms | Score pondéré=11152.0]
  [Sol 81 | t=63858ms | Score pondéré=11117.0]
  -> Solutions=81 Améliorations=81 Score pondéré=11117.0 Temps=180000ms (TIMEOUT_MAX)
  -> Best = 60 , 62 , 74 , 67 , 64 , 62 , 69 , 57 , 55 , 69 , 64 , 62 , 60 , 57 , 55 , 53 , 52 , 50 , 52 , 53 , 50 , 48 , 52 , 53 , 55 , 48 , 52 , 53 , 55 , 50 , 52 , 53 , 50 , 48 , 60 , 62 , 60 , 59 , 57 , 55 , 53 , 52
[21:54:43] DONE 3_1-3_3-2 -> TIMEOUT_MAX score=11117.0 nsol=81
[21:54:43] RUN  nv=3 esp='1 3' vt='3,3' (3rd)
2
Cantus firmus -> gamme détectée : Majeur (tonique = C) -> gamme spécifiée : Majeur

=== Génération : cf8 (Do Reference Grave) | 3voices_1_1_3_vtype_3_3 | preset=bryce | obj=pond | timeout=180000ms | stagn=0ms ===
  [Sol 1 | t=37ms | Score pondéré=15338.0]
    -> Itération 1 | t=37ms | meilleur=1000000000000000000.0
  [Sol 2 | t=44ms | Score pondéré=15249.0]
  [Sol 3 | t=46ms | Score pondéré=15214.0]
  [Sol 4 | t=51ms | Score pondéré=15200.0]
  [Sol 5 | t=53ms | Score pondéré=15039.0]
    -> Itération 5 | t=53ms | meilleur=15200.0
  [Sol 6 | t=58ms | Score pondéré=14571.0]
  [Sol 7 | t=58ms | Score pondéré=14129.0]
  [Sol 8 | t=59ms | Score pondéré=13760.0]
  [Sol 9 | t=70ms | Score pondéré=13719.0]
  [Sol 10 | t=71ms | Score pondéré=13678.0]
    -> Itération 10 | t=71ms | meilleur=13719.0
  [Sol 11 | t=71ms | Score pondéré=13497.0]
  [Sol 12 | t=74ms | Score pondéré=13489.0]
  [Sol 13 | t=79ms | Score pondéré=13251.0]
  [Sol 14 | t=80ms | Score pondéré=13123.0]
  [Sol 15 | t=81ms | Score pondéré=13055.0]
  [Sol 16 | t=81ms | Score pondéré=12876.0]
  [Sol 17 | t=82ms | Score pondéré=12687.0]
  [Sol 18 | t=95ms | Score pondéré=12645.0]
  [Sol 19 | t=95ms | Score pondéré=12440.0]
  [Sol 20 | t=100ms | Score pondéré=12326.0]
    -> Itération 20 | t=100ms | meilleur=12440.0
  [Sol 21 | t=109ms | Score pondéré=12230.0]
  [Sol 22 | t=109ms | Score pondéré=12169.0]
  [Sol 23 | t=114ms | Score pondéré=12087.0]
  [Sol 24 | t=115ms | Score pondéré=12024.0]
  [Sol 25 | t=116ms | Score pondéré=11888.0]
  [Sol 26 | t=144ms | Score pondéré=11826.0]
  [Sol 27 | t=146ms | Score pondéré=11791.0]
  [Sol 28 | t=147ms | Score pondéré=11630.0]
  [Sol 29 | t=205ms | Score pondéré=11583.0]
  [Sol 30 | t=212ms | Score pondéré=11575.0]
    -> Itération 30 | t=212ms | meilleur=11583.0
  [Sol 31 | t=216ms | Score pondéré=11569.0]
  [Sol 32 | t=217ms | Score pondéré=11508.0]
  [Sol 33 | t=259ms | Score pondéré=11369.0]
  [Sol 34 | t=268ms | Score pondéré=11291.0]
  [Sol 35 | t=268ms | Score pondéré=11232.0]
  [Sol 36 | t=272ms | Score pondéré=11165.0]
  [Sol 37 | t=324ms | Score pondéré=11068.0]
  [Sol 38 | t=336ms | Score pondéré=11034.0]
  [Sol 39 | t=354ms | Score pondéré=11025.0]
  [Sol 40 | t=362ms | Score pondéré=10933.0]
    -> Itération 40 | t=362ms | meilleur=11025.0
  [Sol 41 | t=372ms | Score pondéré=10871.0]
  [Sol 42 | t=379ms | Score pondéré=10837.0]
  [Sol 43 | t=386ms | Score pondéré=10782.0]
  [Sol 44 | t=391ms | Score pondéré=10753.0]
  [Sol 45 | t=428ms | Score pondéré=10675.0]
  [Sol 46 | t=456ms | Score pondéré=10605.0]
  [Sol 47 | t=517ms | Score pondéré=10488.0]
  [Sol 48 | t=542ms | Score pondéré=10343.0]
  [Sol 49 | t=631ms | Score pondéré=10320.0]
  [Sol 50 | t=639ms | Score pondéré=10206.0]
    -> Itération 50 | t=639ms | meilleur=10320.0
  [Sol 51 | t=804ms | Score pondéré=10174.0]
  [Sol 52 | t=828ms | Score pondéré=10118.0]
  [Sol 53 | t=933ms | Score pondéré=10079.0]
  [Sol 54 | t=939ms | Score pondéré=10071.0]
  [Sol 55 | t=977ms | Score pondéré=10021.0]
  [Sol 56 | t=980ms | Score pondéré=9954.0]
  [Sol 57 | t=1002ms | Score pondéré=9941.0]
  [Sol 58 | t=1014ms | Score pondéré=9851.0]
  [Sol 59 | t=1018ms | Score pondéré=9826.0]
  [Sol 60 | t=1089ms | Score pondéré=9826.0]
  [Sol 61 | t=1121ms | Score pondéré=9744.0]
  [Sol 62 | t=1132ms | Score pondéré=9710.0]
  [Sol 63 | t=1202ms | Score pondéré=9702.0]
  [Sol 64 | t=1236ms | Score pondéré=9601.0]
  [Sol 65 | t=1420ms | Score pondéré=9545.0]
  [Sol 66 | t=1420ms | Score pondéré=9482.0]
  [Sol 67 | t=1785ms | Score pondéré=9477.0]
  [Sol 68 | t=1826ms | Score pondéré=9415.0]
  [Sol 69 | t=2259ms | Score pondéré=9409.0]
  [Sol 70 | t=2399ms | Score pondéré=9334.0]
  [Sol 71 | t=2724ms | Score pondéré=9327.0]
  [Sol 72 | t=2876ms | Score pondéré=9265.0]
  [Sol 73 | t=6747ms | Score pondéré=9230.0]
  [Sol 74 | t=7156ms | Score pondéré=9170.0]
  [Sol 75 | t=7203ms | Score pondéré=9108.0]
  [Sol 76 | t=9024ms | Score pondéré=9084.0]
  [Sol 77 | t=9088ms | Score pondéré=9029.0]
  [Sol 78 | t=9088ms | Score pondéré=8968.0]
  [Sol 79 | t=9427ms | Score pondéré=8945.0]
  [Sol 80 | t=12394ms | Score pondéré=8908.0]
  [Sol 81 | t=12410ms | Score pondéré=8818.0]
  [Sol 82 | t=12414ms | Score pondéré=8812.0]
  [Sol 83 | t=12415ms | Score pondéré=8751.0]
  [Sol 84 | t=12512ms | Score pondéré=8642.0]
  [Sol 85 | t=12512ms | Score pondéré=8579.0]
  [Sol 86 | t=12732ms | Score pondéré=8578.0]
  [Sol 87 | t=12781ms | Score pondéré=8579.0]
  [Sol 88 | t=12791ms | Score pondéré=8545.0]
  [Sol 89 | t=12799ms | Score pondéré=8489.0]
  [Sol 90 | t=12803ms | Score pondéré=8464.0]
  [Sol 91 | t=13088ms | Score pondéré=8447.0]
  [Sol 92 | t=13089ms | Score pondéré=8433.0]
  [Sol 93 | t=13091ms | Score pondéré=8272.0]
  [Sol 94 | t=13298ms | Score pondéré=8252.0]
  [Sol 95 | t=13611ms | Score pondéré=8238.0]
  [Sol 96 | t=13626ms | Score pondéré=8081.0]
  [Sol 97 | t=14242ms | Score pondéré=8064.0]
  [Sol 98 | t=14244ms | Score pondéré=7950.0]
  [Sol 99 | t=15708ms | Score pondéré=7924.0]
  [Sol 100 | t=15917ms | Score pondéré=7905.0]
    -> Itération 100 | t=15917ms | meilleur=7924.0
  [Sol 101 | t=16505ms | Score pondéré=7888.0]
  [Sol 102 | t=16760ms | Score pondéré=7862.0]
  [Sol 103 | t=17555ms | Score pondéré=7843.0]
  [Sol 104 | t=18769ms | Score pondéré=7813.0]
  [Sol 105 | t=20047ms | Score pondéré=7799.0]
  [Sol 106 | t=20222ms | Score pondéré=7782.0]
  [Sol 107 | t=20820ms | Score pondéré=7679.0]
  [Sol 108 | t=22741ms | Score pondéré=7630.0]
  [Sol 109 | t=25810ms | Score pondéré=7589.0]
  [Sol 110 | t=25932ms | Score pondéré=7527.0]
  [Sol 111 | t=26555ms | Score pondéré=7523.0]
  [Sol 112 | t=26564ms | Score pondéré=7519.0]
  [Sol 113 | t=26567ms | Score pondéré=7405.0]
  [Sol 114 | t=35676ms | Score pondéré=7360.0]
  [Sol 115 | t=35685ms | Score pondéré=7305.0]
  [Sol 116 | t=35706ms | Score pondéré=7222.0]
  [Sol 117 | t=35707ms | Score pondéré=7187.0]
  [Sol 118 | t=35708ms | Score pondéré=7026.0]
  [Sol 119 | t=35768ms | Score pondéré=6977.0]
  [Sol 120 | t=35813ms | Score pondéré=6928.0]
  [Sol 121 | t=35814ms | Score pondéré=6922.0]
  [Sol 122 | t=35820ms | Score pondéré=6861.0]
  [Sol 123 | t=35949ms | Score pondéré=6845.0]
  [Sol 124 | t=35954ms | Score pondéré=6820.0]
  [Sol 125 | t=36101ms | Score pondéré=6778.0]
  [Sol 126 | t=36182ms | Score pondéré=6661.0]
  [Sol 127 | t=36185ms | Score pondéré=6608.0]
  [Sol 128 | t=36189ms | Score pondéré=6600.0]
  [Sol 129 | t=36231ms | Score pondéré=6518.0]
  [Sol 130 | t=36242ms | Score pondéré=6484.0]
  [Sol 131 | t=36302ms | Score pondéré=6469.0]
  [Sol 132 | t=36599ms | Score pondéré=6450.0]
  [Sol 133 | t=36678ms | Score pondéré=6442.0]
  [Sol 134 | t=36679ms | Score pondéré=6342.0]
  [Sol 135 | t=36679ms | Score pondéré=6279.0]
  [Sol 136 | t=36740ms | Score pondéré=6217.0]
  [Sol 137 | t=38392ms | Score pondéré=6156.0]
  [Sol 138 | t=38634ms | Score pondéré=6110.0]
  [Sol 139 | t=39455ms | Score pondéré=6101.0]
  [Sol 140 | t=39661ms | Score pondéré=6039.0]
  [Sol 141 | t=40028ms | Score pondéré=5979.0]
  [Sol 142 | t=40129ms | Score pondéré=5917.0]
  [Sol 143 | t=40962ms | Score pondéré=5905.0]
  [Sol 144 | t=48417ms | Score pondéré=5901.0]
  [Sol 145 | t=49761ms | Score pondéré=5889.0]
  [Sol 146 | t=55471ms | Score pondéré=5861.0]
  [Sol 147 | t=56823ms | Score pondéré=5849.0]
  [Sol 148 | t=69586ms | Score pondéré=5830.0]
  [Sol 149 | t=84197ms | Score pondéré=5810.0]
  [Sol 150 | t=84357ms | Score pondéré=5748.0]
  -> Solutions=150 Améliorations=148 Score pondéré=5748.0 Temps=180000ms (TIMEOUT_MAX)
  -> Best = 60 , 62 , 74 , 71 , 71 , 72 , 67 , 69 , 64 , 69 , 72 , 74 , 76 , 74 , 77 , 76 , 74 , 69 , 65 , 64 , 62 , 67 , 71 , 72 , 74 , 76 , 74 , 72 , 71 , 69 , 65 , 64 , 62 , 60 , 62 , 64 , 67 , 65 , 62 , 64 , 65 , 67
[21:57:43] DONE 3_1-3_3-3 -> TIMEOUT_MAX score=5748.0 nsol=150
[21:57:43] RUN  nv=3 esp='1 4' vt='1,2' (4th)
2
Cantus firmus -> gamme détectée : Majeur (tonique = C) -> gamme spécifiée : Majeur

=== Génération : cf8 (Do Reference Grave) | 3voices_1_1_4_vtype_1_2 | preset=bryce | obj=pond | timeout=180000ms | stagn=0ms ===
  [Sol 1 | t=26ms | Score pondéré=7688.0]
    -> Itération 1 | t=26ms | meilleur=1000000000000000000.0
  [Sol 2 | t=26ms | Score pondéré=6895.0]
  [Sol 3 | t=26ms | Score pondéré=6809.0]
  [Sol 4 | t=28ms | Score pondéré=6255.0]
  [Sol 5 | t=28ms | Score pondéré=6248.0]
    -> Itération 5 | t=28ms | meilleur=6255.0
  [Sol 6 | t=28ms | Score pondéré=5929.0]
  [Sol 7 | t=31ms | Score pondéré=5517.0]
  [Sol 8 | t=32ms | Score pondéré=5285.0]
  [Sol 9 | t=45ms | Score pondéré=4968.0]
  [Sol 10 | t=89ms | Score pondéré=4961.0]
    -> Itération 10 | t=89ms | meilleur=4968.0
  [Sol 11 | t=89ms | Score pondéré=4946.0]
  [Sol 12 | t=147ms | Score pondéré=4939.0]
  [Sol 13 | t=225ms | Score pondéré=4074.0]
  [Sol 14 | t=225ms | Score pondéré=4044.0]
  [Sol 15 | t=226ms | Score pondéré=3819.0]
  [Sol 16 | t=226ms | Score pondéré=3746.0]
  [Sol 17 | t=238ms | Score pondéré=3704.0]
  [Sol 18 | t=238ms | Score pondéré=3631.0]
  [Sol 19 | t=290ms | Score pondéré=3523.0]
  [Sol 20 | t=294ms | Score pondéré=3501.0]
    -> Itération 20 | t=294ms | meilleur=3523.0
  [Sol 21 | t=302ms | Score pondéré=3421.0]
  [Sol 22 | t=329ms | Score pondéré=3414.0]
  [Sol 23 | t=4421ms | Score pondéré=3277.0]
  [Sol 24 | t=4422ms | Score pondéré=3197.0]
  [Sol 25 | t=4423ms | Score pondéré=3182.0]
  [Sol 26 | t=4456ms | Score pondéré=3161.0]
  [Sol 27 | t=4456ms | Score pondéré=3088.0]
  [Sol 28 | t=4475ms | Score pondéré=3008.0]
  [Sol 29 | t=8117ms | Score pondéré=2935.0]
  [Sol 30 | t=8169ms | Score pondéré=2928.0]
    -> Itération 30 | t=8169ms | meilleur=2935.0
  [Sol 31 | t=11941ms | Score pondéré=2920.0]
  [Sol 32 | t=11945ms | Score pondéré=2855.0]
  [Sol 33 | t=11959ms | Score pondéré=2812.0]
  [Sol 34 | t=11968ms | Score pondéré=2733.0]
  [Sol 35 | t=11968ms | Score pondéré=2645.0]
  [Sol 36 | t=11997ms | Score pondéré=2638.0]
  -> Solutions=36 Améliorations=36 Score pondéré=2638.0 Temps=180000ms (TIMEOUT_MAX)
  -> Best = 48 , 43 , 45 , 43 , 47 , 45 , 45 , 43 , 48 , 64 , 64 , 64 , 64 , 65 , 65 , 64 , 64 , 62 , 62 , 60 , 60 , 60 , 60 , 59 , 60
[22:00:43] DONE 3_1-4_1-2 -> TIMEOUT_MAX score=2638.0 nsol=36
[22:00:43] RUN  nv=3 esp='1 4' vt='1,3' (4th)
2
Cantus firmus -> gamme détectée : Majeur (tonique = C) -> gamme spécifiée : Majeur

=== Génération : cf8 (Do Reference Grave) | 3voices_1_1_4_vtype_1_3 | preset=bryce | obj=pond | timeout=180000ms | stagn=0ms ===
  [Sol 1 | t=33ms | Score pondéré=10231.0]
    -> Itération 1 | t=33ms | meilleur=1000000000000000000.0
  [Sol 2 | t=33ms | Score pondéré=7010.0]
  [Sol 3 | t=34ms | Score pondéré=6997.0]
  [Sol 4 | t=34ms | Score pondéré=6670.0]
  [Sol 5 | t=35ms | Score pondéré=6584.0]
    -> Itération 5 | t=35ms | meilleur=6670.0
  [Sol 6 | t=38ms | Score pondéré=6338.0]
  [Sol 7 | t=39ms | Score pondéré=6019.0]
  [Sol 8 | t=39ms | Score pondéré=5851.0]
  [Sol 9 | t=40ms | Score pondéré=5779.0]
  [Sol 10 | t=41ms | Score pondéré=5764.0]
    -> Itération 10 | t=41ms | meilleur=5779.0
  [Sol 11 | t=42ms | Score pondéré=5517.0]
  [Sol 12 | t=44ms | Score pondéré=5350.0]
  [Sol 13 | t=44ms | Score pondéré=5285.0]
  [Sol 14 | t=64ms | Score pondéré=5193.0]
  [Sol 15 | t=67ms | Score pondéré=5179.0]
  [Sol 16 | t=68ms | Score pondéré=5128.0]
  [Sol 17 | t=72ms | Score pondéré=5034.0]
  [Sol 18 | t=73ms | Score pondéré=5019.0]
  [Sol 19 | t=82ms | Score pondéré=4954.0]
  [Sol 20 | t=84ms | Score pondéré=4939.0]
    -> Itération 20 | t=84ms | meilleur=4954.0
  [Sol 21 | t=250ms | Score pondéré=4535.0]
  [Sol 22 | t=250ms | Score pondéré=4262.0]
  [Sol 23 | t=251ms | Score pondéré=4174.0]
  [Sol 24 | t=252ms | Score pondéré=3494.0]
  [Sol 25 | t=252ms | Score pondéré=3421.0]
  [Sol 26 | t=302ms | Score pondéré=3414.0]
  [Sol 27 | t=4207ms | Score pondéré=3408.0]
  [Sol 28 | t=4208ms | Score pondéré=3393.0]
  [Sol 29 | t=4208ms | Score pondéré=3320.0]
  [Sol 30 | t=4209ms | Score pondéré=3241.0]
    -> Itération 30 | t=4209ms | meilleur=3320.0
  [Sol 31 | t=4209ms | Score pondéré=3168.0]
  [Sol 32 | t=4216ms | Score pondéré=3161.0]
  [Sol 33 | t=4216ms | Score pondéré=3088.0]
  [Sol 34 | t=4218ms | Score pondéré=3081.0]
  [Sol 35 | t=4218ms | Score pondéré=3008.0]
  [Sol 36 | t=7687ms | Score pondéré=2993.0]
  [Sol 37 | t=7697ms | Score pondéré=2928.0]
  [Sol 38 | t=11220ms | Score pondéré=2863.0]
  [Sol 39 | t=11221ms | Score pondéré=2790.0]
  [Sol 40 | t=11231ms | Score pondéré=2638.0]
    -> Itération 40 | t=11231ms | meilleur=2790.0
  -> Solutions=40 Améliorations=40 Score pondéré=2638.0 Temps=180000ms (TIMEOUT_MAX)
  -> Best = 48 , 43 , 45 , 43 , 47 , 45 , 45 , 43 , 48 , 76 , 76 , 76 , 76 , 77 , 77 , 76 , 76 , 74 , 74 , 72 , 72 , 72 , 72 , 71 , 72
[22:03:43] DONE 3_1-4_1-3 -> TIMEOUT_MAX score=2638.0 nsol=40
[22:03:43] RUN  nv=3 esp='1 4' vt='1,4' (4th)
2
Cantus firmus -> gamme détectée : Majeur (tonique = C) -> gamme spécifiée : Majeur

=== Génération : cf8 (Do Reference Grave) | 3voices_1_1_4_vtype_1_4 | preset=bryce | obj=pond | timeout=180000ms | stagn=0ms ===
  [Sol 1 | t=30ms | Score pondéré=6429.0]
    -> Itération 1 | t=30ms | meilleur=1000000000000000000.0
  [Sol 2 | t=31ms | Score pondéré=6169.0]
  [Sol 3 | t=36ms | Score pondéré=6083.0]
  [Sol 4 | t=36ms | Score pondéré=5517.0]
  [Sol 5 | t=37ms | Score pondéré=5285.0]
    -> Itération 5 | t=37ms | meilleur=5517.0
  [Sol 6 | t=59ms | Score pondéré=5250.0]
  [Sol 7 | t=78ms | Score pondéré=5185.0]
  [Sol 8 | t=115ms | Score pondéré=5062.0]
  [Sol 9 | t=123ms | Score pondéré=4961.0]
  [Sol 10 | t=124ms | Score pondéré=4946.0]
    -> Itération 10 | t=124ms | meilleur=4961.0
  [Sol 11 | t=235ms | Score pondéré=4939.0]
  [Sol 12 | t=329ms | Score pondéré=4567.0]
  [Sol 13 | t=329ms | Score pondéré=4552.0]
  [Sol 14 | t=329ms | Score pondéré=4479.0]
  [Sol 15 | t=335ms | Score pondéré=4340.0]
  [Sol 16 | t=336ms | Score pondéré=4333.0]
  [Sol 17 | t=336ms | Score pondéré=4188.0]
  [Sol 18 | t=339ms | Score pondéré=4138.0]
  [Sol 19 | t=340ms | Score pondéré=4073.0]
  [Sol 20 | t=343ms | Score pondéré=4066.0]
    -> Itération 20 | t=343ms | meilleur=4073.0
  [Sol 21 | t=345ms | Score pondéré=3841.0]
  [Sol 22 | t=346ms | Score pondéré=3776.0]
  [Sol 23 | t=350ms | Score pondéré=3711.0]
  [Sol 24 | t=358ms | Score pondéré=3668.0]
  [Sol 25 | t=361ms | Score pondéré=3646.0]
  [Sol 26 | t=362ms | Score pondéré=3581.0]
  [Sol 27 | t=373ms | Score pondéré=3516.0]
  [Sol 28 | t=459ms | Score pondéré=3494.0]
  [Sol 29 | t=459ms | Score pondéré=3421.0]
  [Sol 30 | t=502ms | Score pondéré=3414.0]
    -> Itération 30 | t=502ms | meilleur=3421.0
  [Sol 31 | t=4790ms | Score pondéré=3262.0]
  [Sol 32 | t=4796ms | Score pondéré=3182.0]
  [Sol 33 | t=4806ms | Score pondéré=3073.0]
  [Sol 34 | t=4821ms | Score pondéré=3008.0]
  [Sol 35 | t=8838ms | Score pondéré=3001.0]
  [Sol 36 | t=8838ms | Score pondéré=2928.0]
  [Sol 37 | t=12735ms | Score pondéré=2907.0]
  [Sol 38 | t=12736ms | Score pondéré=2892.0]
  [Sol 39 | t=12741ms | Score pondéré=2820.0]
  [Sol 40 | t=12742ms | Score pondéré=2805.0]
    -> Itération 40 | t=12742ms | meilleur=2820.0
  [Sol 41 | t=12759ms | Score pondéré=2797.0]
  [Sol 42 | t=12759ms | Score pondéré=2645.0]
  [Sol 43 | t=12799ms | Score pondéré=2638.0]
  -> Solutions=43 Améliorations=43 Score pondéré=2638.0 Temps=180000ms (TIMEOUT_MAX)
  -> Best = 48 , 43 , 45 , 43 , 47 , 45 , 45 , 43 , 48 , 76 , 76 , 76 , 76 , 77 , 77 , 76 , 76 , 74 , 74 , 72 , 72 , 72 , 72 , 71 , 72
[22:06:43] DONE 3_1-4_1-4 -> TIMEOUT_MAX score=2638.0 nsol=43
[22:06:43] RUN  nv=3 esp='1 4' vt='2,3' (4th)
2
Cantus firmus -> gamme détectée : Majeur (tonique = C) -> gamme spécifiée : Majeur

=== Génération : cf8 (Do Reference Grave) | 3voices_1_1_4_vtype_2_3 | preset=bryce | obj=pond | timeout=180000ms | stagn=0ms ===
  [Sol 1 | t=29ms | Score pondéré=51565.0]
    -> Itération 1 | t=29ms | meilleur=1000000000000000000.0
  [Sol 2 | t=30ms | Score pondéré=51325.0]
  [Sol 3 | t=30ms | Score pondéré=51173.0]
  [Sol 4 | t=34ms | Score pondéré=51020.0]
  [Sol 5 | t=35ms | Score pondéré=50918.0]
    -> Itération 5 | t=35ms | meilleur=51020.0
  [Sol 6 | t=39ms | Score pondéré=50817.0]
  [Sol 7 | t=40ms | Score pondéré=50794.0]
  [Sol 8 | t=40ms | Score pondéré=50707.0]
  [Sol 9 | t=47ms | Score pondéré=50525.0]
  [Sol 10 | t=49ms | Score pondéré=50467.0]
    -> Itération 10 | t=49ms | meilleur=50525.0
  [Sol 11 | t=49ms | Score pondéré=50388.0]
  [Sol 12 | t=61ms | Score pondéré=5125.0]
  [Sol 13 | t=61ms | Score pondéré=4879.0]
  [Sol 14 | t=64ms | Score pondéré=4800.0]
  [Sol 15 | t=65ms | Score pondéré=4714.0]
  [Sol 16 | t=66ms | Score pondéré=4612.0]
  [Sol 17 | t=69ms | Score pondéré=4575.0]
  [Sol 18 | t=69ms | Score pondéré=4503.0]
  [Sol 19 | t=70ms | Score pondéré=4488.0]
  [Sol 20 | t=71ms | Score pondéré=4401.0]
    -> Itération 20 | t=71ms | meilleur=4488.0
  [Sol 21 | t=79ms | Score pondéré=4379.0]
  [Sol 22 | t=80ms | Score pondéré=4292.0]
  [Sol 23 | t=132ms | Score pondéré=4286.0]
  [Sol 24 | t=133ms | Score pondéré=4242.0]
  [Sol 25 | t=136ms | Score pondéré=4213.0]
  [Sol 26 | t=147ms | Score pondéré=4169.0]
  [Sol 27 | t=282ms | Score pondéré=4162.0]
  [Sol 28 | t=332ms | Score pondéré=3988.0]
  [Sol 29 | t=370ms | Score pondéré=3944.0]
  [Sol 30 | t=402ms | Score pondéré=3937.0]
    -> Itération 30 | t=402ms | meilleur=3944.0
  [Sol 31 | t=518ms | Score pondéré=3873.0]
  [Sol 32 | t=520ms | Score pondéré=3686.0]
  [Sol 33 | t=521ms | Score pondéré=3461.0]
  [Sol 34 | t=521ms | Score pondéré=3389.0]
  [Sol 35 | t=524ms | Score pondéré=3316.0]
  [Sol 36 | t=524ms | Score pondéré=3308.0]
  [Sol 37 | t=525ms | Score pondéré=3221.0]
  [Sol 38 | t=572ms | Score pondéré=2909.0]
  [Sol 39 | t=579ms | Score pondéré=2865.0]
  [Sol 40 | t=707ms | Score pondéré=2846.0]
    -> Itération 40 | t=707ms | meilleur=2865.0
  [Sol 41 | t=709ms | Score pondéré=2613.0]
  [Sol 42 | t=715ms | Score pondéré=2460.0]
  [Sol 43 | t=748ms | Score pondéré=2453.0]
  [Sol 44 | t=794ms | Score pondéré=2409.0]
  [Sol 45 | t=1216ms | Score pondéré=2390.0]
  [Sol 46 | t=1225ms | Score pondéré=2281.0]
  [Sol 47 | t=1232ms | Score pondéré=2237.0]
  [Sol 48 | t=1247ms | Score pondéré=2230.0]
  [Sol 49 | t=1278ms | Score pondéré=2186.0]
  [Sol 50 | t=1806ms | Score pondéré=2107.0]
    -> Itération 50 | t=1806ms | meilleur=2186.0
  [Sol 51 | t=1873ms | Score pondéré=2100.0]
  [Sol 52 | t=1907ms | Score pondéré=2056.0]
  [Sol 53 | t=51279ms | Score pondéré=2019.0]
  [Sol 54 | t=51288ms | Score pondéré=1991.0]
  [Sol 55 | t=53509ms | Score pondéré=1962.0]
  [Sol 56 | t=53596ms | Score pondéré=1918.0]
  [Sol 57 | t=53621ms | Score pondéré=1905.0]
  [Sol 58 | t=53622ms | Score pondéré=1890.0]
  [Sol 59 | t=53710ms | Score pondéré=1854.0]
  -> Solutions=59 Améliorations=59 Score pondéré=1854.0 Temps=180000ms (TIMEOUT_MAX)
  -> Best = 52 , 53 , 50 , 48 , 48 , 50 , 55 , 53 , 52 , 67 , 67 , 65 , 65 , 65 , 65 , 64 , 64 , 60 , 60 , 59 , 59 , 59 , 59 , 57 , 55
[22:09:43] DONE 3_1-4_2-3 -> TIMEOUT_MAX score=1854.0 nsol=59
[22:09:43] RUN  nv=3 esp='1 4' vt='2,4' (4th)
2
Cantus firmus -> gamme détectée : Majeur (tonique = C) -> gamme spécifiée : Majeur

=== Génération : cf8 (Do Reference Grave) | 3voices_1_1_4_vtype_2_4 | preset=bryce | obj=pond | timeout=180000ms | stagn=0ms ===
  [Sol 1 | t=22ms | Score pondéré=9020.0]
    -> Itération 1 | t=22ms | meilleur=1000000000000000000.0
  [Sol 2 | t=23ms | Score pondéré=8941.0]
  [Sol 3 | t=23ms | Score pondéré=8796.0]
  [Sol 4 | t=27ms | Score pondéré=6743.0]
  [Sol 5 | t=28ms | Score pondéré=6722.0]
    -> Itération 5 | t=28ms | meilleur=6743.0
  [Sol 6 | t=28ms | Score pondéré=6316.0]
  [Sol 7 | t=28ms | Score pondéré=5936.0]
  [Sol 8 | t=29ms | Score pondéré=5850.0]
  [Sol 9 | t=29ms | Score pondéré=5596.0]
  [Sol 10 | t=36ms | Score pondéré=5416.0]
    -> Itération 10 | t=36ms | meilleur=5596.0
  [Sol 11 | t=41ms | Score pondéré=5343.0]
  [Sol 12 | t=46ms | Score pondéré=5193.0]
  [Sol 13 | t=47ms | Score pondéré=4953.0]
  [Sol 14 | t=47ms | Score pondéré=4800.0]
  [Sol 15 | t=47ms | Score pondéré=4554.0]
  [Sol 16 | t=47ms | Score pondéré=4402.0]
  [Sol 17 | t=59ms | Score pondéré=4366.0]
  [Sol 18 | t=61ms | Score pondéré=4337.0]
  [Sol 19 | t=81ms | Score pondéré=4292.0]
  [Sol 20 | t=98ms | Score pondéré=4279.0]
    -> Itération 20 | t=98ms | meilleur=4292.0
  [Sol 21 | t=101ms | Score pondéré=4235.0]
  [Sol 22 | t=102ms | Score pondéré=4206.0]
  [Sol 23 | t=109ms | Score pondéré=4191.0]
  [Sol 24 | t=111ms | Score pondéré=4162.0]
  [Sol 25 | t=330ms | Score pondéré=4156.0]
  [Sol 26 | t=340ms | Score pondéré=4111.0]
  [Sol 27 | t=342ms | Score pondéré=3937.0]
  [Sol 28 | t=544ms | Score pondéré=3648.0]
  [Sol 29 | t=547ms | Score pondéré=3497.0]
  [Sol 30 | t=547ms | Score pondéré=3381.0]
    -> Itération 30 | t=547ms | meilleur=3497.0
  [Sol 31 | t=548ms | Score pondéré=3331.0]
  [Sol 32 | t=548ms | Score pondéré=3294.0]
  [Sol 33 | t=549ms | Score pondéré=3207.0]
  [Sol 34 | t=585ms | Score pondéré=3186.0]
  [Sol 35 | t=586ms | Score pondéré=3157.0]
  [Sol 36 | t=586ms | Score pondéré=3149.0]
  [Sol 37 | t=587ms | Score pondéré=3062.0]
  [Sol 38 | t=597ms | Score pondéré=3040.0]
  [Sol 39 | t=597ms | Score pondéré=2953.0]
  [Sol 40 | t=603ms | Score pondéré=2909.0]
    -> Itération 40 | t=603ms | meilleur=2953.0
  [Sol 41 | t=632ms | Score pondéré=2865.0]
  [Sol 42 | t=767ms | Score pondéré=2780.0]
  [Sol 43 | t=770ms | Score pondéré=2686.0]
  [Sol 44 | t=772ms | Score pondéré=2642.0]
  [Sol 45 | t=772ms | Score pondéré=2627.0]
  [Sol 46 | t=774ms | Score pondéré=2453.0]
  [Sol 47 | t=799ms | Score pondéré=2409.0]
  [Sol 48 | t=1352ms | Score pondéré=2382.0]
  [Sol 49 | t=1642ms | Score pondéré=2354.0]
  [Sol 50 | t=1650ms | Score pondéré=2201.0]
    -> Itération 50 | t=1650ms | meilleur=2354.0
  [Sol 51 | t=1684ms | Score pondéré=2157.0]
  [Sol 52 | t=2073ms | Score pondéré=2107.0]
  [Sol 53 | t=2122ms | Score pondéré=2065.0]
  [Sol 54 | t=2173ms | Score pondéré=2056.0]
  [Sol 55 | t=49927ms | Score pondéré=2035.0]
  [Sol 56 | t=49928ms | Score pondéré=2020.0]
  [Sol 57 | t=53114ms | Score pondéré=2019.0]
  [Sol 58 | t=53181ms | Score pondéré=2006.0]
  [Sol 59 | t=53182ms | Score pondéré=1991.0]
  [Sol 60 | t=54428ms | Score pondéré=1934.0]
  [Sol 61 | t=54452ms | Score pondéré=1905.0]
  [Sol 62 | t=54453ms | Score pondéré=1890.0]
  [Sol 63 | t=54673ms | Score pondéré=1869.0]
  [Sol 64 | t=54673ms | Score pondéré=1854.0]
  -> Solutions=64 Améliorations=64 Score pondéré=1854.0 Temps=180000ms (TIMEOUT_MAX)
  -> Best = 52 , 53 , 50 , 48 , 48 , 50 , 55 , 53 , 52 , 79 , 79 , 77 , 77 , 77 , 77 , 76 , 76 , 72 , 72 , 71 , 71 , 71 , 71 , 69 , 67
[22:12:44] DONE 3_1-4_2-4 -> TIMEOUT_MAX score=1854.0 nsol=64
[22:12:44] RUN  nv=3 esp='1 4' vt='3,3' (4th)
2
Cantus firmus -> gamme détectée : Majeur (tonique = C) -> gamme spécifiée : Majeur

=== Génération : cf8 (Do Reference Grave) | 3voices_1_1_4_vtype_3_3 | preset=bryce | obj=pond | timeout=180000ms | stagn=0ms ===
  [Sol 1 | t=30ms | Score pondéré=11036.0]
    -> Itération 1 | t=30ms | meilleur=1000000000000000000.0
  [Sol 2 | t=31ms | Score pondéré=10964.0]
  [Sol 3 | t=31ms | Score pondéré=10928.0]
  [Sol 4 | t=32ms | Score pondéré=10863.0]
  [Sol 5 | t=35ms | Score pondéré=8106.0]
    -> Itération 5 | t=35ms | meilleur=10863.0
  [Sol 6 | t=35ms | Score pondéré=8018.0]
  [Sol 7 | t=36ms | Score pondéré=7917.0]
  [Sol 8 | t=39ms | Score pondéré=7852.0]
  [Sol 9 | t=39ms | Score pondéré=7743.0]
  [Sol 10 | t=40ms | Score pondéré=7663.0]
    -> Itération 10 | t=40ms | meilleur=7743.0
  [Sol 11 | t=42ms | Score pondéré=7524.0]
  [Sol 12 | t=47ms | Score pondéré=7510.0]
  [Sol 13 | t=48ms | Score pondéré=7495.0]
  [Sol 14 | t=59ms | Score pondéré=7416.0]
  [Sol 15 | t=60ms | Score pondéré=6989.0]
  [Sol 16 | t=76ms | Score pondéré=5203.0]
  [Sol 17 | t=77ms | Score pondéré=4963.0]
  [Sol 18 | t=79ms | Score pondéré=4905.0]
  [Sol 19 | t=79ms | Score pondéré=4564.0]
  [Sol 20 | t=80ms | Score pondéré=4557.0]
    -> Itération 20 | t=80ms | meilleur=4564.0
  [Sol 21 | t=81ms | Score pondéré=4550.0]
  [Sol 22 | t=82ms | Score pondéré=4535.0]
  [Sol 23 | t=93ms | Score pondéré=4479.0]
  [Sol 24 | t=94ms | Score pondéré=4290.0]
  [Sol 25 | t=185ms | Score pondéré=4266.0]
  [Sol 26 | t=191ms | Score pondéré=3956.0]
  [Sol 27 | t=218ms | Score pondéré=3789.0]
  [Sol 28 | t=227ms | Score pondéré=3724.0]
  [Sol 29 | t=536ms | Score pondéré=3638.0]
  [Sol 30 | t=546ms | Score pondéré=3573.0]
    -> Itération 30 | t=546ms | meilleur=3638.0
  [Sol 31 | t=3837ms | Score pondéré=3457.0]
  [Sol 32 | t=3842ms | Score pondéré=3450.0]
  [Sol 33 | t=3898ms | Score pondéré=3442.0]
  [Sol 34 | t=7622ms | Score pondéré=3441.0]
  [Sol 35 | t=45562ms | Score pondéré=3437.0]
  [Sol 36 | t=45583ms | Score pondéré=3240.0]
  [Sol 37 | t=53000ms | Score pondéré=3137.0]
  [Sol 38 | t=53000ms | Score pondéré=3028.0]
  [Sol 39 | t=53008ms | Score pondéré=2899.0]
  [Sol 40 | t=53008ms | Score pondéré=2884.0]
    -> Itération 40 | t=53008ms | meilleur=2899.0
  [Sol 41 | t=53039ms | Score pondéré=2716.0]
  [Sol 42 | t=53050ms | Score pondéré=2565.0]
  [Sol 43 | t=53061ms | Score pondéré=2550.0]
  [Sol 44 | t=53171ms | Score pondéré=2538.0]
  [Sol 45 | t=53214ms | Score pondéré=2494.0]
  [Sol 46 | t=53219ms | Score pondéré=2479.0]
  [Sol 47 | t=53873ms | Score pondéré=2438.0]
  [Sol 48 | t=53874ms | Score pondéré=2249.0]
  [Sol 49 | t=53890ms | Score pondéré=2241.0]
  [Sol 50 | t=53896ms | Score pondéré=2060.0]
    -> Itération 50 | t=53896ms | meilleur=2241.0
  [Sol 51 | t=55962ms | Score pondéré=2025.0]
  [Sol 52 | t=55979ms | Score pondéré=1945.0]
  [Sol 53 | t=56000ms | Score pondéré=1720.0]
  [Sol 54 | t=79586ms | Score pondéré=1633.0]
  [Sol 55 | t=80827ms | Score pondéré=1531.0]
  [Sol 56 | t=82769ms | Score pondéré=1500.0]
  [Sol 57 | t=146992ms | Score pondéré=1452.0]
  [Sol 58 | t=164096ms | Score pondéré=1365.0]
  [Sol 59 | t=166223ms | Score pondéré=1314.0]
  [Sol 60 | t=166230ms | Score pondéré=1263.0]
  -> Solutions=60 Améliorations=60 Score pondéré=1263.0 Temps=180000ms (TIMEOUT_MAX)
  -> Best = 60 , 65 , 69 , 67 , 62 , 60 , 59 , 57 , 55 , 76 , 76 , 74 , 74 , 72 , 72 , 71 , 71 , 71 , 71 , 69 , 69 , 67 , 67 , 65 , 64
[22:15:44] DONE 3_1-4_3-3 -> TIMEOUT_MAX score=1263.0 nsol=60
[22:15:44] RUN  nv=3 esp='1 4' vt='3,4' (4th)
2
Cantus firmus -> gamme détectée : Majeur (tonique = C) -> gamme spécifiée : Majeur

=== Génération : cf8 (Do Reference Grave) | 3voices_1_1_4_vtype_3_4 | preset=bryce | obj=pond | timeout=180000ms | stagn=0ms ===
  [Sol 1 | t=20ms | Score pondéré=4724.0]
    -> Itération 1 | t=20ms | meilleur=1000000000000000000.0
  [Sol 2 | t=20ms | Score pondéré=4484.0]
  [Sol 3 | t=21ms | Score pondéré=4317.0]
  [Sol 4 | t=21ms | Score pondéré=4078.0]
  [Sol 5 | t=24ms | Score pondéré=4007.0]
    -> Itération 5 | t=24ms | meilleur=4078.0
  [Sol 6 | t=24ms | Score pondéré=3768.0]
  [Sol 7 | t=58ms | Score pondéré=3761.0]
  [Sol 8 | t=123ms | Score pondéré=3724.0]
  [Sol 9 | t=414ms | Score pondéré=3638.0]
  [Sol 10 | t=424ms | Score pondéré=3573.0]
    -> Itération 10 | t=424ms | meilleur=3638.0
  [Sol 11 | t=3724ms | Score pondéré=3465.0]
  [Sol 12 | t=3791ms | Score pondéré=3442.0]
  [Sol 13 | t=8468ms | Score pondéré=3441.0]
  [Sol 14 | t=53489ms | Score pondéré=3313.0]
  [Sol 15 | t=53518ms | Score pondéré=3240.0]
  [Sol 16 | t=58274ms | Score pondéré=3135.0]
  [Sol 17 | t=58275ms | Score pondéré=2896.0]
  [Sol 18 | t=58287ms | Score pondéré=2663.0]
  [Sol 19 | t=58299ms | Score pondéré=2590.0]
  [Sol 20 | t=58299ms | Score pondéré=2351.0]
    -> Itération 20 | t=58299ms | meilleur=2590.0
  [Sol 21 | t=58329ms | Score pondéré=2206.0]
  [Sol 22 | t=58337ms | Score pondéré=2199.0]
  [Sol 23 | t=60429ms | Score pondéré=2192.0]
  [Sol 24 | t=60459ms | Score pondéré=2032.0]
  [Sol 25 | t=60477ms | Score pondéré=2025.0]
  [Sol 26 | t=60519ms | Score pondéré=1967.0]
  [Sol 27 | t=60537ms | Score pondéré=1952.0]
  [Sol 28 | t=67429ms | Score pondéré=1894.0]
  [Sol 29 | t=67844ms | Score pondéré=1894.0]
  [Sol 30 | t=68061ms | Score pondéré=1720.0]
    -> Itération 30 | t=68061ms | meilleur=1894.0
  [Sol 31 | t=94800ms | Score pondéré=1654.0]
  [Sol 32 | t=94802ms | Score pondéré=1545.0]
  [Sol 33 | t=96339ms | Score pondéré=1531.0]
  [Sol 34 | t=97154ms | Score pondéré=1500.0]
  [Sol 35 | t=157394ms | Score pondéré=1430.0]
  [Sol 36 | t=157397ms | Score pondéré=1321.0]
  [Sol 37 | t=178877ms | Score pondéré=1263.0]
  -> Solutions=37 Améliorations=36 Score pondéré=1263.0 Temps=180000ms (TIMEOUT_MAX)
  -> Best = 60 , 65 , 69 , 67 , 62 , 60 , 59 , 57 , 55 , 76 , 76 , 74 , 74 , 72 , 72 , 71 , 71 , 71 , 71 , 69 , 69 , 67 , 67 , 65 , 64
[22:18:44] DONE 3_1-4_3-4 -> TIMEOUT_MAX score=1263.0 nsol=37
[22:18:44] RUN  nv=3 esp='1 5' vt='1,2' (5th)
2
Cantus firmus -> gamme détectée : Majeur (tonique = C) -> gamme spécifiée : Majeur

=== Génération : cf8 (Do Reference Grave) | 3voices_1_1_5_vtype_1_2 | preset=bryce | obj=pond | timeout=180000ms | stagn=0ms ===
  [Sol 1 | t=42ms | Score pondéré=23515.0]
    -> Itération 1 | t=42ms | meilleur=1000000000000000000.0
  [Sol 2 | t=44ms | Score pondéré=23367.0]
  [Sol 3 | t=44ms | Score pondéré=23311.0]
  [Sol 4 | t=50ms | Score pondéré=20104.0]
  [Sol 5 | t=51ms | Score pondéré=20092.0]
    -> Itération 5 | t=51ms | meilleur=20104.0
  [Sol 6 | t=51ms | Score pondéré=20036.0]
  [Sol 7 | t=96ms | Score pondéré=19968.0]
  [Sol 8 | t=97ms | Score pondéré=19956.0]
  [Sol 9 | t=97ms | Score pondéré=19900.0]
  [Sol 10 | t=6686ms | Score pondéré=19888.0]
    -> Itération 10 | t=6686ms | meilleur=19900.0
  [Sol 11 | t=6687ms | Score pondéré=19832.0]
  [Sol 12 | t=12913ms | Score pondéré=19776.0]
  [Sol 13 | t=26445ms | Score pondéré=18016.0]
  [Sol 14 | t=26457ms | Score pondéré=17948.0]
  [Sol 15 | t=26564ms | Score pondéré=17716.0]
  [Sol 16 | t=26565ms | Score pondéré=17704.0]
  [Sol 17 | t=26565ms | Score pondéré=17648.0]
  [Sol 18 | t=26567ms | Score pondéré=17580.0]
  [Sol 19 | t=26686ms | Score pondéré=14593.0]
  [Sol 20 | t=26779ms | Score pondéré=14581.0]
    -> Itération 20 | t=26779ms | meilleur=14593.0
  [Sol 21 | t=26779ms | Score pondéré=14525.0]
  [Sol 22 | t=27504ms | Score pondéré=14469.0]
  [Sol 23 | t=42189ms | Score pondéré=14463.0]
  [Sol 24 | t=51368ms | Score pondéré=14407.0]
  [Sol 25 | t=62108ms | Score pondéré=13214.0]
  [Sol 26 | t=62109ms | Score pondéré=13158.0]
  [Sol 27 | t=62200ms | Score pondéré=13116.0]
  [Sol 28 | t=62202ms | Score pondéré=13036.0]
  [Sol 29 | t=62202ms | Score pondéré=12980.0]
  [Sol 30 | t=67642ms | Score pondéré=10710.0]
    -> Itération 30 | t=67642ms | meilleur=12980.0
  [Sol 31 | t=67657ms | Score pondéré=10658.0]
  [Sol 32 | t=67657ms | Score pondéré=10602.0]
  [Sol 33 | t=73620ms | Score pondéré=10546.0]
  -> Solutions=33 Améliorations=33 Score pondéré=10546.0 Temps=180000ms (TIMEOUT_MAX)
  -> Best = 48 , 43 , 45 , 43 , 43 , 45 , 43 , 43 , 48 , 72 , 65 , 69 , 67 , 69 , 67 , 71 , 69 , 71 , 72 , 69 , 72 , 69 , 64 , 67 , 59 , 62 , 69 , 64 , 65 , 60 , 59 , 57 , 62 , 57 , 67 , 59 , 53 , 59 , 60 , 64 , 69 , 64
[22:21:44] DONE 3_1-5_1-2 -> TIMEOUT_MAX score=10546.0 nsol=33
[22:21:44] RUN  nv=3 esp='1 5' vt='1,3' (5th)
2
Cantus firmus -> gamme détectée : Majeur (tonique = C) -> gamme spécifiée : Majeur

=== Génération : cf8 (Do Reference Grave) | 3voices_1_1_5_vtype_1_3 | preset=bryce | obj=pond | timeout=180000ms | stagn=0ms ===
  [Sol 1 | t=44ms | Score pondéré=43681.0]
    -> Itération 1 | t=44ms | meilleur=1000000000000000000.0
  [Sol 2 | t=44ms | Score pondéré=43573.0]
  [Sol 3 | t=45ms | Score pondéré=43517.0]
  [Sol 4 | t=4151ms | Score pondéré=43449.0]
  [Sol 5 | t=4152ms | Score pondéré=43393.0]
    -> Itération 5 | t=4152ms | meilleur=43449.0
  [Sol 6 | t=36897ms | Score pondéré=43387.0]
  [Sol 7 | t=43701ms | Score pondéré=43331.0]
  [Sol 8 | t=57610ms | Score pondéré=43308.0]
  [Sol 9 | t=57611ms | Score pondéré=40143.0]
  [Sol 10 | t=77271ms | Score pondéré=40108.0]
    -> Itération 10 | t=77271ms | meilleur=40143.0
  [Sol 11 | t=123824ms | Score pondéré=39747.0]
  [Sol 12 | t=123825ms | Score pondéré=39611.0]
  [Sol 13 | t=123837ms | Score pondéré=39503.0]
  [Sol 14 | t=157978ms | Score pondéré=39499.0]
  [Sol 15 | t=157979ms | Score pondéré=39443.0]
  [Sol 16 | t=166977ms | Score pondéré=39387.0]
  -> Solutions=16 Améliorations=16 Score pondéré=39387.0 Temps=180000ms (TIMEOUT_MAX)
  -> Best = 48 , 43 , 45 , 43 , 43 , 45 , 43 , 43 , 48 , 77 , 71 , 76 , 74 , 76 , 72 , 67 , 71 , 67 , 77 , 65 , 64 , 65 , 59 , 67 , 65 , 64 , 59 , 67 , 69 , 72 , 71 , 69 , 77 , 69 , 74 , 71 , 76 , 71 , 67 , 64 , 69 , 64
[22:24:44] DONE 3_1-5_1-3 -> TIMEOUT_MAX score=39387.0 nsol=16
[22:24:44] RUN  nv=3 esp='1 5' vt='1,4' (5th)
2
Cantus firmus -> gamme détectée : Majeur (tonique = C) -> gamme spécifiée : Majeur

=== Génération : cf8 (Do Reference Grave) | 3voices_1_1_5_vtype_1_4 | preset=bryce | obj=pond | timeout=180000ms | stagn=0ms ===
  [Sol 1 | t=71ms | Score pondéré=17969.0]
    -> Itération 1 | t=71ms | meilleur=1000000000000000000.0
  [Sol 2 | t=72ms | Score pondéré=17845.0]
  [Sol 3 | t=73ms | Score pondéré=14612.0]
  [Sol 4 | t=330ms | Score pondéré=14570.0]
  [Sol 5 | t=487ms | Score pondéré=14490.0]
    -> Itération 5 | t=487ms | meilleur=14570.0
  [Sol 6 | t=487ms | Score pondéré=14434.0]
  [Sol 7 | t=3555ms | Score pondéré=14326.0]
  [Sol 8 | t=16175ms | Score pondéré=14270.0]
  [Sol 9 | t=35839ms | Score pondéré=11709.0]
  [Sol 10 | t=35985ms | Score pondéré=11505.0]
    -> Itération 10 | t=35985ms | meilleur=11709.0
  [Sol 11 | t=37759ms | Score pondéré=11451.0]
  [Sol 12 | t=37760ms | Score pondéré=11395.0]
  [Sol 13 | t=37766ms | Score pondéré=11383.0]
  [Sol 14 | t=37766ms | Score pondéré=11327.0]
  [Sol 15 | t=38387ms | Score pondéré=11299.0]
  [Sol 16 | t=38392ms | Score pondéré=11287.0]
  [Sol 17 | t=38393ms | Score pondéré=11231.0]
  [Sol 18 | t=38757ms | Score pondéré=11219.0]
  [Sol 19 | t=43433ms | Score pondéré=11217.0]
  [Sol 20 | t=43434ms | Score pondéré=11161.0]
    -> Itération 20 | t=43434ms | meilleur=11217.0
  [Sol 21 | t=46383ms | Score pondéré=11118.0]
  [Sol 22 | t=46384ms | Score pondéré=11090.0]
  [Sol 23 | t=46384ms | Score pondéré=11010.0]
  [Sol 24 | t=46385ms | Score pondéré=10954.0]
  [Sol 25 | t=46391ms | Score pondéré=10886.0]
  [Sol 26 | t=49300ms | Score pondéré=10856.0]
  [Sol 27 | t=49416ms | Score pondéré=10844.0]
  [Sol 28 | t=49416ms | Score pondéré=10788.0]
  [Sol 29 | t=49417ms | Score pondéré=10776.0]
  [Sol 30 | t=49418ms | Score pondéré=10720.0]
    -> Itération 30 | t=49418ms | meilleur=10776.0
  [Sol 31 | t=76593ms | Score pondéré=10718.0]
  [Sol 32 | t=79934ms | Score pondéré=10662.0]
  [Sol 33 | t=98734ms | Score pondéré=10614.0]
  [Sol 34 | t=98868ms | Score pondéré=10602.0]
  [Sol 35 | t=98868ms | Score pondéré=10546.0]
  -> Solutions=35 Améliorations=35 Score pondéré=10546.0 Temps=180000ms (TIMEOUT_MAX)
  -> Best = 48 , 43 , 45 , 43 , 43 , 45 , 43 , 43 , 48 , 84 , 77 , 81 , 79 , 81 , 79 , 83 , 81 , 83 , 84 , 81 , 84 , 81 , 76 , 79 , 71 , 74 , 81 , 76 , 77 , 72 , 71 , 69 , 79 , 69 , 81 , 71 , 79 , 71 , 64 , 76 , 79 , 76
[22:27:44] DONE 3_1-5_1-4 -> TIMEOUT_MAX score=10546.0 nsol=35
[22:27:44] RUN  nv=3 esp='1 5' vt='2,3' (5th)
2
Cantus firmus -> gamme détectée : Majeur (tonique = C) -> gamme spécifiée : Majeur

=== Génération : cf8 (Do Reference Grave) | 3voices_1_1_5_vtype_2_3 | preset=bryce | obj=pond | timeout=180000ms | stagn=0ms ===
  [Sol 1 | t=34ms | Score pondéré=45236.0]
    -> Itération 1 | t=34ms | meilleur=1000000000000000000.0
  [Sol 2 | t=43ms | Score pondéré=45224.0]
  [Sol 3 | t=1253ms | Score pondéré=45168.0]
  [Sol 4 | t=3416ms | Score pondéré=45156.0]
  [Sol 5 | t=3870ms | Score pondéré=45100.0]
    -> Itération 5 | t=3870ms | meilleur=45156.0
  [Sol 6 | t=25428ms | Score pondéré=45090.0]
  [Sol 7 | t=25429ms | Score pondéré=45034.0]
  [Sol 8 | t=26157ms | Score pondéré=42171.0]
  [Sol 9 | t=26159ms | Score pondéré=42115.0]
  [Sol 10 | t=26160ms | Score pondéré=42103.0]
    -> Itération 10 | t=26160ms | meilleur=42115.0
  [Sol 11 | t=26161ms | Score pondéré=42047.0]
  [Sol 12 | t=26175ms | Score pondéré=41991.0]
  [Sol 13 | t=75171ms | Score pondéré=15149.0]
  [Sol 14 | t=75172ms | Score pondéré=15093.0]
  [Sol 15 | t=75583ms | Score pondéré=12118.0]
  [Sol 16 | t=76560ms | Score pondéré=12106.0]
  [Sol 17 | t=77936ms | Score pondéré=12038.0]
  [Sol 18 | t=78145ms | Score pondéré=11982.0]
  [Sol 19 | t=104309ms | Score pondéré=11932.0]
  [Sol 20 | t=118674ms | Score pondéré=11876.0]
    -> Itération 20 | t=118674ms | meilleur=11932.0
  [Sol 21 | t=148368ms | Score pondéré=11848.0]
  [Sol 22 | t=148369ms | Score pondéré=11792.0]
  [Sol 23 | t=148666ms | Score pondéré=9445.0]
  [Sol 24 | t=148667ms | Score pondéré=9267.0]
  [Sol 25 | t=148670ms | Score pondéré=9119.0]
  [Sol 26 | t=148674ms | Score pondéré=9063.0]
  [Sol 27 | t=148683ms | Score pondéré=8995.0]
  [Sol 28 | t=148689ms | Score pondéré=8939.0]
  [Sol 29 | t=149379ms | Score pondéré=8861.0]
  [Sol 30 | t=149380ms | Score pondéré=8805.0]
    -> Itération 30 | t=149380ms | meilleur=8861.0
  [Sol 31 | t=150914ms | Score pondéré=8749.0]
  -> Solutions=31 Améliorations=31 Score pondéré=8749.0 Temps=180000ms (TIMEOUT_MAX)
  -> Best = 60 , 62 , 50 , 48 , 48 , 50 , 48 , 53 , 52 , 77 , 71 , 76 , 74 , 76 , 72 , 77 , 71 , 77 , 74 , 76 , 77 , 76 , 74 , 62 , 60 , 64 , 57 , 62 , 69 , 65 , 64 , 60 , 60 , 60 , 69 , 71 , 72 , 71 , 74 , 76 , 77 , 76
[22:30:44] DONE 3_1-5_2-3 -> TIMEOUT_MAX score=8749.0 nsol=31
[22:30:44] RUN  nv=3 esp='1 5' vt='2,4' (5th)
2
Cantus firmus -> gamme détectée : Majeur (tonique = C) -> gamme spécifiée : Majeur

=== Génération : cf8 (Do Reference Grave) | 3voices_1_1_5_vtype_2_4 | preset=bryce | obj=pond | timeout=180000ms | stagn=0ms ===
  [Sol 1 | t=169ms | Score pondéré=31813.0]
    -> Itération 1 | t=169ms | meilleur=1000000000000000000.0
  [Sol 2 | t=172ms | Score pondéré=31705.0]
  [Sol 3 | t=173ms | Score pondéré=31649.0]
  [Sol 4 | t=174ms | Score pondéré=31073.0]
  [Sol 5 | t=175ms | Score pondéré=30909.0]
    -> Itération 5 | t=175ms | meilleur=31073.0
  [Sol 6 | t=178ms | Score pondéré=30897.0]
  [Sol 7 | t=909ms | Score pondéré=30817.0]
  [Sol 8 | t=915ms | Score pondéré=30761.0]
  [Sol 9 | t=33314ms | Score pondéré=29214.0]
  [Sol 10 | t=33314ms | Score pondéré=28968.0]
    -> Itération 10 | t=33314ms | meilleur=29214.0
  [Sol 11 | t=33316ms | Score pondéré=28832.0]
  [Sol 12 | t=33855ms | Score pondéré=28806.0]
  [Sol 13 | t=34066ms | Score pondéré=28698.0]
  [Sol 14 | t=35199ms | Score pondéré=28642.0]
  [Sol 15 | t=37756ms | Score pondéré=27968.0]
  [Sol 16 | t=37757ms | Score pondéré=27776.0]
  [Sol 17 | t=38035ms | Score pondéré=27640.0]
  [Sol 18 | t=38041ms | Score pondéré=27584.0]
  -> Solutions=18 Améliorations=18 Score pondéré=27584.0 Temps=180000ms (TIMEOUT_MAX)
  -> Best = 60 , 62 , 50 , 48 , 48 , 50 , 48 , 53 , 52 , 84 , 77 , 81 , 79 , 81 , 79 , 74 , 77 , 74 , 84 , 81 , 84 , 81 , 79 , 84 , 72 , 69 , 62 , 67 , 74 , 81 , 77 , 76 , 74 , 76 , 81 , 83 , 84 , 83 , 77 , 72 , 74 , 72
[22:33:44] DONE 3_1-5_2-4 -> TIMEOUT_MAX score=27584.0 nsol=18
[22:33:44] RUN  nv=3 esp='1 5' vt='3,3' (5th)
2
Cantus firmus -> gamme détectée : Majeur (tonique = C) -> gamme spécifiée : Majeur

=== Génération : cf8 (Do Reference Grave) | 3voices_1_1_5_vtype_3_3 | preset=bryce | obj=pond | timeout=180000ms | stagn=0ms ===
  [Sol 1 | t=38ms | Score pondéré=54393.0]
    -> Itération 1 | t=38ms | meilleur=1000000000000000000.0
  [Sol 2 | t=40ms | Score pondéré=54285.0]
  [Sol 3 | t=41ms | Score pondéré=54229.0]
  [Sol 4 | t=57ms | Score pondéré=54065.0]
  [Sol 5 | t=3610ms | Score pondéré=54053.0]
    -> Itération 5 | t=3610ms | meilleur=54065.0
  [Sol 6 | t=3633ms | Score pondéré=53997.0]
  [Sol 7 | t=27238ms | Score pondéré=49130.0]
  [Sol 8 | t=27239ms | Score pondéré=48924.0]
  [Sol 9 | t=27244ms | Score pondéré=48816.0]
  [Sol 10 | t=27248ms | Score pondéré=48760.0]
    -> Itération 10 | t=27248ms | meilleur=48816.0
  [Sol 11 | t=33691ms | Score pondéré=48704.0]
  [Sol 12 | t=107542ms | Score pondéré=48636.0]
  [Sol 13 | t=107547ms | Score pondéré=48580.0]
  [Sol 14 | t=110741ms | Score pondéré=48524.0]
  [Sol 15 | t=177221ms | Score pondéré=48496.0]
  [Sol 16 | t=177221ms | Score pondéré=48440.0]
  [Sol 17 | t=177793ms | Score pondéré=48428.0]
  [Sol 18 | t=177793ms | Score pondéré=48372.0]
  [Sol 19 | t=177810ms | Score pondéré=48248.0]
  -> Solutions=19 Améliorations=19 Score pondéré=48248.0 Temps=180000ms (TIMEOUT_MAX)
  -> Best = 60 , 62 , 74 , 71 , 71 , 72 , 67 , 69 , 64 , 59 , 71 , 64 , 72 , 64 , 71 , 65 , 77 , 65 , 74 , 76 , 77 , 76 , 72 , 67 , 60 , 67 , 71 , 64 , 62 , 65 , 64 , 60 , 59 , 60 , 64 , 65 , 67 , 65 , 71 , 72 , 74 , 72
[22:36:44] DONE 3_1-5_3-3 -> TIMEOUT_MAX score=48248.0 nsol=19
[22:36:44] RUN  nv=3 esp='1 5' vt='3,4' (5th)
2
Cantus firmus -> gamme détectée : Majeur (tonique = C) -> gamme spécifiée : Majeur

=== Génération : cf8 (Do Reference Grave) | 3voices_1_1_5_vtype_3_4 | preset=bryce | obj=pond | timeout=180000ms | stagn=0ms ===
  [Sol 1 | t=90249ms | Score pondéré=68373.0]
    -> Itération 1 | t=90249ms | meilleur=1000000000000000000.0
  [Sol 2 | t=90250ms | Score pondéré=68195.0]
  [Sol 3 | t=90251ms | Score pondéré=68139.0]
  [Sol 4 | t=90304ms | Score pondéré=65494.0]
  [Sol 5 | t=90304ms | Score pondéré=65260.0]
    -> Itération 5 | t=90304ms | meilleur=65494.0
  [Sol 6 | t=90553ms | Score pondéré=62221.0]
  [Sol 7 | t=90554ms | Score pondéré=62043.0]
  [Sol 8 | t=90560ms | Score pondéré=61987.0]
  [Sol 9 | t=90696ms | Score pondéré=61959.0]
  [Sol 10 | t=91702ms | Score pondéré=61931.0]
    -> Itération 10 | t=91702ms | meilleur=61959.0
  [Sol 11 | t=91705ms | Score pondéré=61795.0]
  [Sol 12 | t=124065ms | Score pondéré=59655.0]
  [Sol 13 | t=130050ms | Score pondéré=59643.0]
  [Sol 14 | t=130065ms | Score pondéré=59587.0]
  -> Solutions=14 Améliorations=14 Score pondéré=59587.0 Temps=180000ms (TIMEOUT_MAX)
  -> Best = 60 , 62 , 74 , 71 , 71 , 72 , 67 , 69 , 67 , 84 , 77 , 81 , 79 , 81 , 79 , 77 , 84 , 77 , 79 , 84 , 83 , 84 , 77 , 83 , 79 , 83 , 84 , 77 , 76 , 74 , 67 , 69 , 65 , 69 , 81 , 71 , 74 , 71 , 81 , 76 , 77 , 76
[22:39:44] DONE 3_1-5_3-4 -> TIMEOUT_MAX score=59587.0 nsol=14
=== build terminé 2026-05-25 22:39:44 ===
